"","GM10847_Rep1_Counts","GM12878_Rep1_Counts","GM12878_Rep2_Counts","GM12890_Rep1_Counts","GM12890_Rep2_Counts","GM12891_Rep1_Counts","GM12891_Rep2_Counts","GM12892_Rep1_Counts","GM12892_Rep2_Counts","GM18489_Rep1_Counts","GM18499_OLD_Counts","GM18499_Rep1_Counts","GM18501_OLD_Counts","GM18501_Rep1_Counts","GM18502_OLD_Counts","GM18504_Rep2_Counts","GM18504_Rep3_Counts","GM18505_Rep1_Counts","GM18507_MiSeq_rRNA_Counts","GM18511_Rep1_Counts","GM18519_Rep1_Counts","GM18522_Rep1_Counts","GM18522_Rep2_Counts","GM18523_Rep1_Counts","GM18523_Rep3_Counts","GM18526_5_3_13_MiSeq_Counts","GM18526_6_26_13_MiSeq_Counts","GM18526_Rep1_Counts","GM18870_Rep2_Counts","GM18951_Rep1_Counts","GM18951_Rep2_Counts","GM18951_Rep3_Counts","GM19098_Rep1_Counts","GM19098_Rep2_Counts","GM19099_Rep1_Counts","GM19137_Rep1_Counts","GM19137_Rep2_Counts","GM19138_Rep1_Counts","GM19138_Rep2_Counts","GM19139_Rep2_Counts","GM19193_Rep1_Counts","GM19200_Rep2_Counts","GM19201_Rep1_Counts","GM19238_Rep1_Counts","GM19238_Rep3_Counts","GM19239_Rep1_Counts","GM19239_Rep2_Counts","GM19240_Rep1_Counts","GM19240_Rep2_Counts","GM19240_Rep3_Counts"
"GM10847_Rep1_Counts",1,0.94,0.94,0.92,0.93,0.94,0.93,0.94,0.93,0.94,0.93,0.94,0.93,0.93,0.93,0.9,0.91,0.94,0.92,0.91,0.91,0.94,0.94,0.89,0.89,0.91,0.92,0.93,0.91,0.93,0.93,0.91,0.92,0.91,0.91,0.92,0.93,0.92,0.93,0.92,0.94,0.91,0.92,0.94,0.93,0.95,0.95,0.94,0.95,0.93
"GM12878_Rep1_Counts",0.94,1,0.97,0.91,0.92,0.94,0.94,0.94,0.95,0.93,0.94,0.95,0.92,0.92,0.95,0.91,0.92,0.92,0.9,0.9,0.92,0.94,0.94,0.88,0.88,0.89,0.89,0.9,0.91,0.9,0.91,0.91,0.91,0.9,0.91,0.9,0.91,0.93,0.94,0.9,0.92,0.9,0.94,0.91,0.91,0.92,0.92,0.94,0.94,0.91
"GM12878_Rep2_Counts",0.94,0.97,1,0.89,0.91,0.94,0.93,0.94,0.95,0.92,0.93,0.93,0.9,0.91,0.93,0.92,0.92,0.91,0.91,0.89,0.92,0.94,0.94,0.89,0.89,0.86,0.89,0.9,0.92,0.9,0.89,0.9,0.9,0.9,0.9,0.91,0.91,0.92,0.93,0.9,0.9,0.89,0.93,0.9,0.89,0.91,0.91,0.95,0.95,0.91
"GM12890_Rep1_Counts",0.92,0.91,0.89,1,0.96,0.89,0.87,0.91,0.89,0.9,0.89,0.89,0.89,0.89,0.91,0.86,0.87,0.91,0.87,0.87,0.87,0.89,0.89,0.87,0.87,0.89,0.9,0.9,0.87,0.9,0.9,0.88,0.87,0.86,0.87,0.87,0.87,0.88,0.88,0.88,0.91,0.87,0.89,0.91,0.9,0.9,0.9,0.9,0.9,0.91
"GM12890_Rep2_Counts",0.93,0.92,0.91,0.96,1,0.9,0.88,0.92,0.9,0.9,0.9,0.9,0.9,0.89,0.91,0.87,0.88,0.91,0.88,0.87,0.87,0.9,0.9,0.88,0.88,0.88,0.9,0.91,0.89,0.91,0.9,0.89,0.88,0.87,0.88,0.88,0.88,0.88,0.88,0.89,0.91,0.88,0.9,0.92,0.9,0.91,0.91,0.91,0.91,0.91
"GM12891_Rep1_Counts",0.94,0.94,0.94,0.89,0.9,1,0.98,0.93,0.93,0.92,0.93,0.93,0.91,0.91,0.93,0.91,0.92,0.92,0.89,0.91,0.92,0.93,0.93,0.87,0.87,0.88,0.89,0.9,0.89,0.89,0.89,0.89,0.91,0.9,0.89,0.9,0.9,0.92,0.92,0.89,0.91,0.89,0.92,0.91,0.9,0.92,0.92,0.93,0.93,0.91
"GM12891_Rep2_Counts",0.93,0.94,0.93,0.87,0.88,0.98,1,0.92,0.93,0.91,0.92,0.93,0.9,0.91,0.92,0.9,0.91,0.9,0.89,0.89,0.91,0.93,0.93,0.87,0.86,0.87,0.88,0.88,0.89,0.88,0.89,0.9,0.9,0.9,0.89,0.9,0.9,0.91,0.92,0.88,0.9,0.89,0.91,0.9,0.9,0.91,0.91,0.93,0.93,0.89
"GM12892_Rep1_Counts",0.94,0.94,0.94,0.91,0.92,0.93,0.92,1,0.98,0.91,0.92,0.93,0.89,0.9,0.92,0.9,0.91,0.92,0.89,0.89,0.91,0.92,0.92,0.87,0.87,0.88,0.89,0.89,0.89,0.89,0.9,0.89,0.89,0.88,0.89,0.89,0.9,0.91,0.92,0.89,0.9,0.88,0.93,0.91,0.9,0.9,0.9,0.94,0.94,0.91
"GM12892_Rep2_Counts",0.93,0.95,0.95,0.89,0.9,0.93,0.93,0.98,1,0.91,0.93,0.93,0.9,0.91,0.93,0.92,0.92,0.91,0.89,0.88,0.91,0.93,0.93,0.88,0.88,0.87,0.88,0.88,0.91,0.89,0.89,0.91,0.89,0.89,0.9,0.9,0.91,0.92,0.92,0.9,0.89,0.89,0.93,0.89,0.89,0.9,0.89,0.94,0.94,0.9
"GM18489_Rep1_Counts",0.94,0.93,0.92,0.9,0.9,0.92,0.91,0.91,0.91,1,0.92,0.93,0.96,0.97,0.93,0.89,0.9,0.9,0.93,0.94,0.9,0.94,0.94,0.92,0.92,0.92,0.92,0.93,0.93,0.93,0.94,0.94,0.95,0.94,0.93,0.94,0.95,0.92,0.93,0.95,0.94,0.93,0.91,0.94,0.94,0.95,0.95,0.93,0.93,0.91
"GM18499_OLD_Counts",0.93,0.94,0.93,0.89,0.9,0.93,0.92,0.92,0.93,0.92,1,0.98,0.92,0.92,0.96,0.93,0.94,0.92,0.9,0.9,0.93,0.94,0.94,0.88,0.88,0.88,0.89,0.9,0.91,0.89,0.89,0.9,0.91,0.91,0.91,0.91,0.92,0.95,0.95,0.9,0.9,0.9,0.94,0.9,0.9,0.91,0.91,0.93,0.93,0.91
"GM18499_Rep1_Counts",0.94,0.95,0.93,0.89,0.9,0.93,0.93,0.93,0.93,0.93,0.98,1,0.92,0.93,0.95,0.92,0.93,0.92,0.91,0.91,0.94,0.94,0.94,0.88,0.88,0.88,0.89,0.9,0.91,0.89,0.9,0.9,0.92,0.91,0.92,0.91,0.92,0.94,0.95,0.91,0.91,0.9,0.94,0.91,0.91,0.92,0.92,0.93,0.94,0.9
"GM18501_OLD_Counts",0.93,0.92,0.9,0.89,0.9,0.91,0.9,0.89,0.9,0.96,0.92,0.92,1,0.98,0.92,0.88,0.89,0.89,0.93,0.91,0.89,0.94,0.94,0.91,0.91,0.91,0.92,0.93,0.93,0.94,0.94,0.94,0.96,0.95,0.94,0.95,0.95,0.91,0.92,0.96,0.93,0.94,0.9,0.94,0.94,0.95,0.95,0.91,0.91,0.9
"GM18501_Rep1_Counts",0.93,0.92,0.91,0.89,0.89,0.91,0.91,0.9,0.91,0.97,0.92,0.93,0.98,1,0.92,0.88,0.89,0.88,0.94,0.93,0.9,0.94,0.94,0.92,0.91,0.91,0.91,0.92,0.94,0.93,0.94,0.94,0.97,0.96,0.94,0.96,0.97,0.91,0.92,0.96,0.93,0.95,0.9,0.94,0.93,0.95,0.95,0.92,0.92,0.89
"GM18502_OLD_Counts",0.93,0.95,0.93,0.91,0.91,0.93,0.92,0.92,0.93,0.93,0.96,0.95,0.92,0.92,1,0.93,0.94,0.93,0.9,0.9,0.92,0.94,0.94,0.88,0.88,0.89,0.9,0.9,0.91,0.9,0.9,0.9,0.91,0.9,0.91,0.91,0.91,0.94,0.94,0.91,0.91,0.9,0.94,0.91,0.91,0.92,0.92,0.93,0.93,0.92
"GM18504_Rep2_Counts",0.9,0.91,0.92,0.86,0.87,0.91,0.9,0.9,0.92,0.89,0.93,0.92,0.88,0.88,0.93,1,0.98,0.9,0.88,0.9,0.92,0.94,0.94,0.87,0.87,0.84,0.86,0.87,0.91,0.86,0.86,0.87,0.89,0.89,0.9,0.9,0.9,0.94,0.92,0.89,0.87,0.89,0.93,0.87,0.87,0.88,0.88,0.91,0.91,0.88
"GM18504_Rep3_Counts",0.91,0.92,0.92,0.87,0.88,0.92,0.91,0.91,0.92,0.9,0.94,0.93,0.89,0.89,0.94,0.98,1,0.9,0.89,0.91,0.93,0.94,0.94,0.88,0.88,0.85,0.86,0.87,0.91,0.86,0.87,0.88,0.89,0.89,0.91,0.9,0.9,0.95,0.93,0.89,0.88,0.89,0.94,0.87,0.88,0.89,0.89,0.92,0.91,0.89
"GM18505_Rep1_Counts",0.94,0.92,0.91,0.91,0.91,0.92,0.9,0.92,0.91,0.9,0.92,0.92,0.89,0.88,0.93,0.9,0.9,1,0.88,0.87,0.88,0.91,0.91,0.86,0.86,0.88,0.9,0.91,0.87,0.9,0.89,0.87,0.87,0.87,0.87,0.88,0.88,0.91,0.91,0.88,0.91,0.87,0.92,0.92,0.9,0.92,0.92,0.92,0.92,0.93
"GM18507_MiSeq_rRNA_Counts",0.92,0.9,0.91,0.87,0.88,0.89,0.89,0.89,0.89,0.93,0.9,0.91,0.93,0.94,0.9,0.88,0.89,0.88,1,0.91,0.89,0.92,0.93,0.91,0.91,0.89,0.89,0.9,0.93,0.91,0.91,0.91,0.93,0.93,0.92,0.94,0.94,0.9,0.91,0.94,0.9,0.92,0.9,0.91,0.91,0.93,0.93,0.91,0.91,0.88
"GM18511_Rep1_Counts",0.91,0.9,0.89,0.87,0.87,0.91,0.89,0.89,0.88,0.94,0.9,0.91,0.91,0.93,0.9,0.9,0.91,0.87,0.91,1,0.91,0.92,0.92,0.9,0.9,0.89,0.88,0.89,0.9,0.89,0.9,0.9,0.93,0.91,0.93,0.91,0.92,0.91,0.9,0.92,0.9,0.91,0.9,0.9,0.9,0.92,0.92,0.9,0.9,0.87
"GM18519_Rep1_Counts",0.91,0.92,0.92,0.87,0.87,0.92,0.91,0.91,0.91,0.9,0.93,0.94,0.89,0.9,0.92,0.92,0.93,0.88,0.89,0.91,1,0.93,0.92,0.87,0.86,0.86,0.86,0.87,0.89,0.87,0.87,0.88,0.9,0.9,0.91,0.9,0.9,0.94,0.93,0.89,0.88,0.88,0.93,0.88,0.88,0.89,0.89,0.91,0.92,0.88
"GM18522_Rep1_Counts",0.94,0.94,0.94,0.89,0.9,0.93,0.93,0.92,0.93,0.94,0.94,0.94,0.94,0.94,0.94,0.94,0.94,0.91,0.92,0.92,0.93,1,0.98,0.91,0.91,0.88,0.9,0.9,0.95,0.91,0.91,0.92,0.94,0.94,0.94,0.94,0.95,0.95,0.95,0.94,0.92,0.93,0.94,0.92,0.93,0.93,0.93,0.94,0.94,0.91
"GM18522_Rep2_Counts",0.94,0.94,0.94,0.89,0.9,0.93,0.93,0.92,0.93,0.94,0.94,0.94,0.94,0.94,0.94,0.94,0.94,0.91,0.93,0.92,0.92,0.98,1,0.91,0.91,0.88,0.9,0.91,0.95,0.92,0.91,0.92,0.94,0.95,0.94,0.95,0.95,0.95,0.95,0.95,0.92,0.94,0.94,0.92,0.93,0.94,0.93,0.94,0.94,0.91
"GM18523_Rep1_Counts",0.89,0.88,0.89,0.87,0.88,0.87,0.87,0.87,0.88,0.92,0.88,0.88,0.91,0.92,0.88,0.87,0.88,0.86,0.91,0.9,0.87,0.91,0.91,1,0.98,0.88,0.88,0.89,0.92,0.9,0.9,0.9,0.91,0.91,0.9,0.92,0.92,0.89,0.89,0.93,0.89,0.92,0.89,0.91,0.91,0.91,0.91,0.9,0.9,0.88
"GM18523_Rep3_Counts",0.89,0.88,0.89,0.87,0.88,0.87,0.86,0.87,0.88,0.92,0.88,0.88,0.91,0.91,0.88,0.87,0.88,0.86,0.91,0.9,0.86,0.91,0.91,0.98,1,0.88,0.88,0.89,0.92,0.9,0.9,0.9,0.91,0.91,0.9,0.92,0.92,0.89,0.89,0.93,0.89,0.92,0.89,0.91,0.9,0.91,0.91,0.9,0.9,0.88
"GM18526_5_3_13_MiSeq_Counts",0.91,0.89,0.86,0.89,0.88,0.88,0.87,0.88,0.87,0.92,0.88,0.88,0.91,0.91,0.89,0.84,0.85,0.88,0.89,0.89,0.86,0.88,0.88,0.88,0.88,1,0.93,0.94,0.88,0.9,0.93,0.91,0.9,0.89,0.88,0.89,0.9,0.87,0.88,0.9,0.91,0.88,0.87,0.91,0.92,0.92,0.92,0.89,0.89,0.9
"GM18526_6_26_13_MiSeq_Counts",0.92,0.89,0.89,0.9,0.9,0.89,0.88,0.89,0.88,0.92,0.89,0.89,0.92,0.91,0.9,0.86,0.86,0.9,0.89,0.88,0.86,0.9,0.9,0.88,0.88,0.93,1,0.97,0.9,0.93,0.93,0.92,0.91,0.9,0.89,0.9,0.91,0.88,0.88,0.91,0.91,0.89,0.87,0.92,0.93,0.92,0.92,0.9,0.9,0.92
"GM18526_Rep1_Counts",0.93,0.9,0.9,0.9,0.91,0.9,0.88,0.89,0.88,0.93,0.9,0.9,0.93,0.92,0.9,0.87,0.87,0.91,0.9,0.89,0.87,0.9,0.91,0.89,0.89,0.94,0.97,1,0.9,0.94,0.95,0.93,0.91,0.91,0.9,0.91,0.91,0.89,0.89,0.92,0.92,0.9,0.88,0.93,0.93,0.93,0.93,0.91,0.9,0.93
"GM18870_Rep2_Counts",0.91,0.91,0.92,0.87,0.89,0.89,0.89,0.89,0.91,0.93,0.91,0.91,0.93,0.94,0.91,0.91,0.91,0.87,0.93,0.9,0.89,0.95,0.95,0.92,0.92,0.88,0.9,0.9,1,0.92,0.92,0.93,0.94,0.95,0.93,0.95,0.95,0.92,0.92,0.95,0.9,0.94,0.91,0.92,0.92,0.93,0.93,0.92,0.92,0.89
"GM18951_Rep1_Counts",0.93,0.9,0.9,0.9,0.91,0.89,0.88,0.89,0.89,0.93,0.89,0.89,0.94,0.93,0.9,0.86,0.86,0.9,0.91,0.89,0.87,0.91,0.92,0.9,0.9,0.9,0.93,0.94,0.92,1,0.96,0.94,0.93,0.92,0.91,0.92,0.93,0.89,0.89,0.94,0.93,0.93,0.88,0.95,0.93,0.94,0.94,0.9,0.9,0.91
"GM18951_Rep2_Counts",0.93,0.91,0.89,0.9,0.9,0.89,0.89,0.9,0.89,0.94,0.89,0.9,0.94,0.94,0.9,0.86,0.87,0.89,0.91,0.9,0.87,0.91,0.91,0.9,0.9,0.93,0.93,0.95,0.92,0.96,1,0.97,0.93,0.92,0.91,0.92,0.93,0.89,0.9,0.94,0.94,0.93,0.89,0.94,0.95,0.94,0.94,0.91,0.91,0.92
"GM18951_Rep3_Counts",0.91,0.91,0.9,0.88,0.89,0.89,0.9,0.89,0.91,0.94,0.9,0.9,0.94,0.94,0.9,0.87,0.88,0.87,0.91,0.9,0.88,0.92,0.92,0.9,0.9,0.91,0.92,0.93,0.93,0.94,0.97,1,0.94,0.93,0.92,0.93,0.94,0.9,0.9,0.94,0.92,0.93,0.89,0.93,0.95,0.93,0.93,0.91,0.91,0.9
"GM19098_Rep1_Counts",0.92,0.91,0.9,0.87,0.88,0.91,0.9,0.89,0.89,0.95,0.91,0.92,0.96,0.97,0.91,0.89,0.89,0.87,0.93,0.93,0.9,0.94,0.94,0.91,0.91,0.9,0.91,0.91,0.94,0.93,0.93,0.94,1,0.99,0.95,0.96,0.97,0.91,0.92,0.96,0.92,0.95,0.9,0.93,0.93,0.95,0.95,0.9,0.9,0.88
"GM19098_Rep2_Counts",0.91,0.9,0.9,0.86,0.87,0.9,0.9,0.88,0.89,0.94,0.91,0.91,0.95,0.96,0.9,0.89,0.89,0.87,0.93,0.91,0.9,0.94,0.95,0.91,0.91,0.89,0.9,0.91,0.95,0.92,0.92,0.93,0.99,1,0.94,0.96,0.97,0.9,0.92,0.96,0.9,0.95,0.9,0.92,0.93,0.94,0.94,0.9,0.9,0.87
"GM19099_Rep1_Counts",0.91,0.91,0.9,0.87,0.88,0.89,0.89,0.89,0.9,0.93,0.91,0.92,0.94,0.94,0.91,0.9,0.91,0.87,0.92,0.93,0.91,0.94,0.94,0.9,0.9,0.88,0.89,0.9,0.93,0.91,0.91,0.92,0.95,0.94,1,0.94,0.95,0.92,0.91,0.94,0.9,0.93,0.9,0.91,0.92,0.93,0.92,0.9,0.9,0.88
"GM19137_Rep1_Counts",0.92,0.9,0.91,0.87,0.88,0.9,0.9,0.89,0.9,0.94,0.91,0.91,0.95,0.96,0.91,0.9,0.9,0.88,0.94,0.91,0.9,0.94,0.95,0.92,0.92,0.89,0.9,0.91,0.95,0.92,0.92,0.93,0.96,0.96,0.94,1,0.98,0.91,0.92,0.96,0.9,0.95,0.9,0.92,0.92,0.94,0.94,0.91,0.91,0.88
"GM19137_Rep2_Counts",0.93,0.91,0.91,0.87,0.88,0.9,0.9,0.9,0.91,0.95,0.92,0.92,0.95,0.97,0.91,0.9,0.9,0.88,0.94,0.92,0.9,0.95,0.95,0.92,0.92,0.9,0.91,0.91,0.95,0.93,0.93,0.94,0.97,0.97,0.95,0.98,1,0.92,0.93,0.97,0.91,0.95,0.9,0.93,0.93,0.95,0.95,0.92,0.92,0.89
"GM19138_Rep1_Counts",0.92,0.93,0.92,0.88,0.88,0.92,0.91,0.91,0.92,0.92,0.95,0.94,0.91,0.91,0.94,0.94,0.95,0.91,0.9,0.91,0.94,0.95,0.95,0.89,0.89,0.87,0.88,0.89,0.92,0.89,0.89,0.9,0.91,0.9,0.92,0.91,0.92,1,0.97,0.92,0.9,0.92,0.94,0.9,0.9,0.91,0.91,0.93,0.93,0.91
"GM19138_Rep2_Counts",0.93,0.94,0.93,0.88,0.88,0.92,0.92,0.92,0.92,0.93,0.95,0.95,0.92,0.92,0.94,0.92,0.93,0.91,0.91,0.9,0.93,0.95,0.95,0.89,0.89,0.88,0.88,0.89,0.92,0.89,0.9,0.9,0.92,0.92,0.91,0.92,0.93,0.97,1,0.92,0.91,0.92,0.94,0.91,0.91,0.92,0.92,0.93,0.94,0.91
"GM19139_Rep2_Counts",0.92,0.9,0.9,0.88,0.89,0.89,0.88,0.89,0.9,0.95,0.9,0.91,0.96,0.96,0.91,0.89,0.89,0.88,0.94,0.92,0.89,0.94,0.95,0.93,0.93,0.9,0.91,0.92,0.95,0.94,0.94,0.94,0.96,0.96,0.94,0.96,0.97,0.92,0.92,1,0.91,0.96,0.9,0.94,0.94,0.95,0.95,0.91,0.92,0.89
"GM19193_Rep1_Counts",0.94,0.92,0.9,0.91,0.91,0.91,0.9,0.9,0.89,0.94,0.9,0.91,0.93,0.93,0.91,0.87,0.88,0.91,0.9,0.9,0.88,0.92,0.92,0.89,0.89,0.91,0.91,0.92,0.9,0.93,0.94,0.92,0.92,0.9,0.9,0.9,0.91,0.9,0.91,0.91,1,0.91,0.9,0.95,0.94,0.94,0.95,0.92,0.92,0.92
"GM19200_Rep2_Counts",0.91,0.9,0.89,0.87,0.88,0.89,0.89,0.88,0.89,0.93,0.9,0.9,0.94,0.95,0.9,0.89,0.89,0.87,0.92,0.91,0.88,0.93,0.94,0.92,0.92,0.88,0.89,0.9,0.94,0.93,0.93,0.93,0.95,0.95,0.93,0.95,0.95,0.92,0.92,0.96,0.91,1,0.91,0.92,0.92,0.93,0.93,0.9,0.9,0.88
"GM19201_Rep1_Counts",0.92,0.94,0.93,0.89,0.9,0.92,0.91,0.93,0.93,0.91,0.94,0.94,0.9,0.9,0.94,0.93,0.94,0.92,0.9,0.9,0.93,0.94,0.94,0.89,0.89,0.87,0.87,0.88,0.91,0.88,0.89,0.89,0.9,0.9,0.9,0.9,0.9,0.94,0.94,0.9,0.9,0.91,1,0.89,0.9,0.9,0.9,0.92,0.93,0.9
"GM19238_Rep1_Counts",0.94,0.91,0.9,0.91,0.92,0.91,0.9,0.91,0.89,0.94,0.9,0.91,0.94,0.94,0.91,0.87,0.87,0.92,0.91,0.9,0.88,0.92,0.92,0.91,0.91,0.91,0.92,0.93,0.92,0.95,0.94,0.93,0.93,0.92,0.91,0.92,0.93,0.9,0.91,0.94,0.95,0.92,0.89,1,0.96,0.96,0.96,0.93,0.93,0.93
"GM19238_Rep3_Counts",0.93,0.91,0.89,0.9,0.9,0.9,0.9,0.9,0.89,0.94,0.9,0.91,0.94,0.93,0.91,0.87,0.88,0.9,0.91,0.9,0.88,0.93,0.93,0.91,0.9,0.92,0.93,0.93,0.92,0.93,0.95,0.95,0.93,0.93,0.92,0.92,0.93,0.9,0.91,0.94,0.94,0.92,0.9,0.96,1,0.94,0.94,0.92,0.92,0.93
"GM19239_Rep1_Counts",0.95,0.92,0.91,0.9,0.91,0.92,0.91,0.9,0.9,0.95,0.91,0.92,0.95,0.95,0.92,0.88,0.89,0.92,0.93,0.92,0.89,0.93,0.94,0.91,0.91,0.92,0.92,0.93,0.93,0.94,0.94,0.93,0.95,0.94,0.93,0.94,0.95,0.91,0.92,0.95,0.94,0.93,0.9,0.96,0.94,1,0.99,0.93,0.93,0.92
"GM19239_Rep2_Counts",0.95,0.92,0.91,0.9,0.91,0.92,0.91,0.9,0.89,0.95,0.91,0.92,0.95,0.95,0.92,0.88,0.89,0.92,0.93,0.92,0.89,0.93,0.93,0.91,0.91,0.92,0.92,0.93,0.93,0.94,0.94,0.93,0.95,0.94,0.92,0.94,0.95,0.91,0.92,0.95,0.95,0.93,0.9,0.96,0.94,0.99,1,0.93,0.93,0.92
"GM19240_Rep1_Counts",0.94,0.94,0.95,0.9,0.91,0.93,0.93,0.94,0.94,0.93,0.93,0.93,0.91,0.92,0.93,0.91,0.92,0.92,0.91,0.9,0.91,0.94,0.94,0.9,0.9,0.89,0.9,0.91,0.92,0.9,0.91,0.91,0.9,0.9,0.9,0.91,0.92,0.93,0.93,0.91,0.92,0.9,0.92,0.93,0.92,0.93,0.93,1,0.99,0.95
"GM19240_Rep2_Counts",0.95,0.94,0.95,0.9,0.91,0.93,0.93,0.94,0.94,0.93,0.93,0.94,0.91,0.92,0.93,0.91,0.91,0.92,0.91,0.9,0.92,0.94,0.94,0.9,0.9,0.89,0.9,0.9,0.92,0.9,0.91,0.91,0.9,0.9,0.9,0.91,0.92,0.93,0.94,0.92,0.92,0.9,0.93,0.93,0.92,0.93,0.93,0.99,1,0.95
"GM19240_Rep3_Counts",0.93,0.91,0.91,0.91,0.91,0.91,0.89,0.91,0.9,0.91,0.91,0.9,0.9,0.89,0.92,0.88,0.89,0.93,0.88,0.87,0.88,0.91,0.91,0.88,0.88,0.9,0.92,0.93,0.89,0.91,0.92,0.9,0.88,0.87,0.88,0.88,0.89,0.91,0.91,0.89,0.92,0.88,0.9,0.93,0.93,0.92,0.92,0.95,0.95,1
