"","GM10847_Rep1","GM12878_Rep1","GM12878_Rep2","GM12890_Rep1","GM12890_Rep2","GM12891_Rep1","GM12891_Rep2","GM12892_Rep1","GM12892_Rep2","GM18489_Rep1","GM18499_Rep1","GM18499_Rep2","GM18501_Rep1","GM18501_Rep2","GM18502_Rep1","GM18504_Rep2","GM18504_Rep3","GM18505_Rep1","GM18507_Rep1","GM18511_Rep1","GM18519_Rep1","GM18522_Rep1","GM18522_Rep2","GM18523_Rep1","GM18523_Rep3","GM18526_Rep1","GM18526_Rep2","GM18526_Rep3","GM18870_Rep2","GM18951_Rep1","GM18951_Rep2","GM18951_Rep3","GM19098_Rep1","GM19098_Rep2","GM19099_Rep1","GM19137_Rep1","GM19137_Rep2","GM19138_Rep1","GM19138_Rep2","GM19139_Rep2","GM19193_Rep1","GM19200_Rep2","GM19201_Rep1","GM19238_Rep1","GM19238_Rep3","GM19239_Rep1","GM19239_Rep2","GM19240_Rep1","GM19240_Rep2","GM19240_Rep3"
"AAA",-2.69943619663586e-05,0.000220262746328879,0.00207742547616143,-0.000281543840968786,0.000730747472973244,0.000688061762207006,-2.40798294612841e-05,0.000575190611146796,0.0013687449964761,-0.00023882794853124,-0.00018411477999981,0.00116648760727433,-0.000140205898595633,0.000208089957025353,0.000926331984378106,0.0025375426096519,0.00159541347497155,0.000655132020801363,0.000265535977898735,0.000185716916570346,0.000440964421291996,0.00104315618124214,0.00103904854410804,0.000485521318055238,0.000394351785200347,0.000874619226642354,-0.00140969854920109,0.000941235965679108,0.00203885871099696,0.000935240095387438,-0.000818220970814978,0.000280816174212429,0.000143310034122067,0.000304192974684481,0.00063458778498901,0.00102173879492714,0.000109131534811773,0.0010798878714288,-0.000966470585516636,0.000835528630655703,-0.000651523774213493,0.000314143816807708,0.00109580751777824,0.00026578103761871,-0.000379753357568822,-0.000202186229845542,-0.000228653992562011,0.00133428289102728,0.000646639502860678,0.000748451580091351
"AAC",0.00119518267994514,0.00155000443986708,0.00197877841166223,0.000932746519800912,0.000941167544379846,0.00128798156269131,0.00168667803802152,0.0014057996025664,0.0020860454357759,0.000872891854763361,0.00144500077306419,0.00199648255838852,0.00132907362575757,0.00123844657930565,0.00141304706019281,0.0020723388322169,0.00206305239876665,0.00118263792881296,0.00160059290510453,0.00133355036492645,0.0016318643940163,0.00178715543997173,0.00203872138245914,0.00202100612334554,0.00185473704535105,0.00155293625029245,0.00054880939887551,0.00138549090601121,0.00236553325381666,0.00112839663294514,0.00077019019856692,0.00142556030644093,0.00155018779535197,0.00194981166241568,0.00166072559570461,0.00187020141849714,0.00177079521342257,0.00178604926503211,0.00169651299196996,0.0017428734389453,0.000452270806549707,0.00178345904550481,0.00174074124766735,0.00105393334565811,0.00109034141423388,0.00114283597970136,0.00110718156796569,0.00155649429265867,0.00151194208363098,0.00106896496333715
"AAG",0.00235468121898134,0.00183532869520738,0.00248632485083513,0.00236181244708372,0.00283332153639115,0.0028636083034584,0.00121629786012932,0.0026410719850505,0.002100725172434,0.00249157755256706,0.00209195590329879,0.00262798112288342,0.00197288610305687,0.00209440660953035,0.00269841644567931,0.00272999355561,0.00247747315588465,0.00292947258548266,0.00134430710562143,0.00220151028186335,0.0018595904723837,0.00181626191460053,0.00221942393610833,0.00137321756604014,0.00136405253066655,0.00291662479754895,0.00135655135044461,0.00281327243177571,0.00214032414340396,0.00221187620052254,0.00184220864610662,0.00210457239671843,0.00149642410166697,0.00154595631182208,0.00193077476391781,0.00207276593460784,0.00125089911969907,0.0024303870282258,0.000956568698421263,0.0021113088484424,0.00201281581310021,0.00141264868137631,0.00217549776744475,0.00257244104727481,0.00164587619156328,0.00228677036691466,0.00220852717384869,0.00280849248039977,0.00234760442325948,0.00280072202160785
"AAT",-0.000328343436196459,0.000210139007678477,0.00142203297609653,-0.00106469087303898,-0.000274143553207956,-8.69427890290951e-05,0.000251222342793619,4.37896271568983e-05,0.001530415213729,-0.00050492694462774,6.26637941808887e-05,0.000349387238167725,-0.000167459481349733,-0.000651936119011147,-0.000107090851818693,0.0012318548842026,0.000851765210439153,-0.000431451513447836,0.000323260191181934,-0.000159587940298155,0.000706008051494796,0.000892334884483436,0.00109012938155244,0.000627317007325736,0.000713691856215448,-4.0198257906545e-05,-0.00133409789243519,8.26177080855105e-05,0.00120881968393566,0.000236231001620738,-0.00092855909006968,0.000297166875133231,0.000290002531854464,0.000728807614501382,0.000863016502175112,0.000812902455257638,0.000472136558511173,0.000807461105354103,-5.08902468503367e-05,0.000678283749691002,-0.000924847064800893,0.000164933785117109,0.000273990013679445,-0.000473168566343489,-0.000166805451643621,-0.000224223014564442,-0.00031718038412331,0.000475042409098275,0.000331053074831479,-0.00021935809120795
"ACA",-0.000630775701109056,-0.000224263679798421,-0.00012480644052567,-0.000996511304907185,-0.000620817722711556,-0.000354349624996694,-0.000565632872529382,-0.000479186823809902,-5.23776027670994e-05,-0.00060876154672744,-0.000117536053131112,-0.000157240792745775,-0.000533353219577433,-0.000827379223005447,-0.000303188045407892,-8.02548394946978e-05,-0.000475976454783648,-0.000639647000293335,-0.000588678549392065,-0.000475478595774452,-0.000509094737727703,-0.000668616793495263,-0.000415868181328164,-0.000601114211056564,-0.000646338921506551,-0.000398393401013247,-0.00127037071205529,-0.00035731512603639,-0.000303722870697139,-0.000738563173110263,-0.000952912997918279,-0.000157734061939269,-0.000718197377040035,-0.000563497506109518,-0.000703901142335088,-0.000467106977700561,-0.000497955007347825,-0.000378968094378897,-0.000743344513725337,-0.000527670640248497,-0.000826246761248695,-0.000843461399233494,-0.000593078460056955,-0.000718561604918087,-0.00074515830963922,-0.000605304852953341,-0.000692527240943711,-0.000240422839809826,-0.000346217503210323,-0.000582794825649949
"ACC",-0.00221386081271936,-0.00164310845852572,-0.00207050051382957,-0.000950433864291788,-0.00168279107329635,-0.0020261049834839,-0.00203186294695538,-0.0017923715955775,-0.0016041512121664,-0.00216260977177714,-0.00160601589551951,-0.00184300081110187,-0.00158903101824543,-0.00137710449759215,-0.00197794413830459,-0.0013901090085889,-0.00159539093718245,-0.00203762098478094,-0.00146587424318387,-0.00112438463865545,-0.0017504586743992,-0.00181992561568306,-0.00187986086677816,-0.00153690799989276,-0.00170973460546205,-0.00179279815728215,-0.00180776447116019,-0.00158409488288519,-0.00162296799597394,-0.00190604575863956,-0.00222451823661668,-0.00171745381801097,-0.00224692272344553,-0.00194715699157442,-0.00186341740187479,-0.00188982403019436,-0.00196062023877963,-0.0015932071781657,-0.00178796541433714,-0.002061970457487,-0.00203514585435459,-0.00147912518457239,-0.00171529003055935,-0.00177428141751329,-0.00217815195079412,-0.00217012767682654,-0.00225977832379271,-0.00196773650028053,-0.00219396232059942,-0.00182171857701965
"ACG",0.00171299641844064,0.00137460472245268,0.000832366306215731,0.00212295463874711,0.00154641059595375,0.0016354742263729,0.00112683014876892,0.0018646120593939,0.000654171682966099,0.00145467976730386,0.00108588256687279,0.000807541900524025,0.00134320777939337,0.00188237689216675,0.00126625652140621,0.000710286347900702,0.00104677582622435,0.00204635095496136,0.000986525465678435,0.00150125855646845,0.000858177587759797,0.000628319230333435,0.000992401580447437,0.000644078510412236,0.000897792073741948,0.00173953073487455,0.00217752799808171,0.00119744747456881,0.000703281879683462,0.000988296498540039,0.00185225982800382,0.00107066566038103,0.00110929329982657,0.000844661989206682,0.000764947542302111,0.000876161337028239,0.000861061686525375,0.000877607072864602,0.00108067902445906,0.0011838411436036,0.00192692737904551,0.00148005734164441,0.00126073824488675,0.00186479610990261,0.00119315028286718,0.00190681056764986,0.00177223044866189,0.00138379395361888,0.00131969192759948,0.00134661982066775
"ACT",0.000982956671647644,0.00101967971759818,0.00126081423721153,-4.03501691811879e-05,0.000168873666402145,0.000637506882326007,0.00172956235772012,0.000737948909136199,0.0012639812911821,0.000153908869112762,0.000710134008610589,0.000887636588712826,0.000922874607364867,0.000597223081134551,0.000504669548528906,0.0010165778844063,0.00129610948632815,0.000788485171346064,0.00176064509179003,0.000512014833113448,0.00160922383823769,0.00156028263648673,0.00184187590410834,0.00163360250187104,0.00178286282187625,0.000819614141753855,0.000325895695000609,0.00059099724888521,0.00155821238219236,0.000971493588315938,0.000612656025388923,0.000790184495308929,0.00140541195668897,0.00194374182576488,0.00118162799155901,0.00165892635756294,0.00176095371353188,0.0013316788789699,0.00178649390341076,0.0015513507753727,0.000225724567822605,0.00126261130266921,0.00151922688005295,0.000451703750012512,0.00105828072617708,0.00107223271556256,0.00100596974368349,0.000813598805461776,0.00122737157764648,0.000338480951448249
"AGA",0.00206992669233394,0.00145221558659088,0.00198641739025923,0.00160474716041002,0.00208658035542264,0.0024267055731947,0.00123074206801782,0.0018194325918656,0.0015764374038931,0.00218852226559946,0.00168449818283639,0.00214586376373353,0.00161968251632407,0.00165320783694845,0.00228456212000941,0.0018322919220226,0.00157700592874685,0.00232604697266616,0.00104731727424784,0.00124046058344505,0.00125740286415709,0.00127901923071824,0.00169338987225074,0.000299680277005037,0.000391884642057347,0.00256367314442005,0.00109511025737231,0.00237024985273451,0.00111391337226766,0.00215216302998434,0.00174003747157032,0.00179455175352543,0.00160004952191867,0.00132280553844728,0.00102239889651561,0.00162721008831894,0.00103648152244817,0.0014380930184312,0.000683440205636862,0.0018038197907008,0.00191909659945311,0.000632016236756208,0.00132573281955845,0.00210863137970211,0.00146875601197818,0.00201309789988196,0.00192900763746809,0.00233455696276967,0.00192444085844718,0.00253540142224915
"AGC",-0.00275402815248196,-0.00250233313778012,-0.00309780999099857,-0.00202802655055219,-0.00231604689447806,-0.00257587495155179,-0.00276855404579158,-0.0024366918216027,-0.0029989653677198,-0.00248634343447204,-0.00260259287419801,-0.00293841808309497,-0.00262078753635953,-0.00253263868340715,-0.00267187027686619,-0.0028516230738772,-0.00277435152133075,-0.00242264094304374,-0.00263582082117077,-0.00255458104371485,-0.0028292955653064,-0.00303951916046606,-0.00307918378188366,-0.00303849875555706,-0.00308532408691875,-0.00262570679130875,-0.00220570665216839,-0.00249729693016479,-0.00316258628228084,-0.00292074512611296,-0.00272778617387468,-0.00276126562724637,-0.00303375264854294,-0.00307246443786422,-0.00301883282506399,-0.00292611715792366,-0.00323131637286823,-0.0030542175371821,-0.00318420177387954,-0.0031740110899693,-0.0022601110633536,-0.00291099931567119,-0.00243894962559675,-0.00266396514958849,-0.00295248555722152,-0.00299453366284224,-0.00290974825791411,-0.00278091539819632,-0.00279729814764672,-0.00245652449192355
"AGG",0.00109545472908344,0.000323486179810678,0.00027260003222233,0.00147798986140081,0.00204174850699354,0.00137492188588731,-0.000247591268750281,0.0013571875271354,-0.0001734012846802,0.00152261692938516,0.000685038685641088,0.000786188717613226,0.000634132947929869,0.000776765198482653,0.00140639399938371,0.000631789551203903,0.000585088294688452,0.00161098780325036,-5.0314347328665e-05,0.000977260981926447,6.9887733794953e-06,-8.28808483721646e-05,0.000118907509873936,-0.000452385429666965,-0.000373117089806554,0.00147421782832655,0.00117535925851391,0.00140537502268431,-0.00016979966561154,0.000887085979554138,0.00146366361446042,0.000630970383660331,9.84796916649669e-05,-0.000401687867048618,-2.28542596375884e-05,9.66384772967364e-05,-0.000443269479537226,0.000361545394981604,-0.000540061756166138,0.000476069609607603,0.00175321137788691,-4.69928893490935e-05,0.000592130799061046,0.00143141347576221,0.000929252633862381,0.00100481663089316,0.000946150811356988,0.00121976005671977,0.000749679729729977,0.00163310567125515
"AGT",-0.00100470802324796,-0.00107247758065952,-0.000482910085839769,-0.00149218213071869,-0.00115225091565506,-0.000817992655471594,-0.000479369363289683,-0.000846928773122903,-0.000482822580571401,-0.000775354378925539,-0.000753918667347211,-0.000976510767857073,-0.000871281548731232,-0.00118302408015515,-0.000902108093260395,-0.0009961051396827,-0.000968074166962849,-0.00106189063160114,-0.000696335067899668,-0.00151169904741935,-0.000792727133797404,-0.000898224526755965,-0.000610162789362562,-0.00121870939635196,-0.00106725921884335,-0.00125210715835145,-0.000898548577908592,-0.00102406529485269,-0.00102812142810054,-0.000965127485854964,-0.00103500476037698,-0.000657200779266068,-0.000493482531026636,-0.00055162019205662,-0.000867433379817088,-0.000700043859625764,-0.000894315774365127,-0.0010284353405842,-0.000916283841633336,-0.000700109336694999,-0.000821704814478696,-0.00106586580627429,-0.000747321681720352,-0.00147008124761419,-0.00073545641791712,-0.00100095509854864,-0.00106887072872121,-0.000626441966257926,-0.000693854485637222,-0.00116209674795695
"ATA",-2.92379171527579e-05,0.000286292604754778,0.00133641027119053,-0.000944588923477287,7.6322066104445e-06,0.000334806963270904,0.000221160980645816,0.000257251417477997,0.0014754121426648,-5.12067146443383e-05,0.000260235095823888,0.000401995206614027,-0.000239075009797134,-0.000651989193918148,-4.32492553689365e-06,0.000966327239422502,0.000439078040897253,-0.000263544197797737,3.07993015243382e-06,-0.000201783919191852,0.000277301579689897,0.000569242820235735,0.000866680567807938,0.000193487304964237,0.000120557469375747,0.000435200558211054,-0.00130689417000209,0.000373334780999008,0.000991920828757958,0.000518183780703237,-0.000474596064139979,0.000450615261687329,0.000174125279863366,0.000611943472939181,0.00052369237477851,0.000627912941126737,0.000614239643841972,0.000479926341647105,-0.000109478472962537,0.000446800929773603,-0.000443365512932396,-0.000192247123781093,0.000205061727786247,-0.000216825392406087,-0.000192796070315721,0.000138416902426358,7.79540151388258e-07,0.000660895749057974,0.000420757458172879,0.000195897906384648
"ATC",0.000837718780790243,0.000898118505048676,0.000772362490153833,0.000963909775249114,0.000812203341585844,0.000480000862260504,0.00101531317754482,0.000590711867164799,0.0011807099502261,0.000536113950805762,0.00093478101647539,0.000877199388286926,0.000715075092163366,0.000727660187567751,0.000646625893660106,0.000967932960186203,0.000823079351894851,0.000724023943557563,0.000700675397010634,0.00108763334601005,0.000789729712181896,0.000896030693928334,0.000935707655868336,0.00117098644661164,0.00112912598861385,0.000889094841764953,0.000864570546736308,0.00102624014499561,0.00124067021264166,0.000763683194980439,0.000773183865529221,0.00073676603447103,0.000679507968173766,0.00088371225440018,0.00130842401396401,0.000913833672871137,0.000905955617855975,0.000980739115612805,0.000945974700378664,0.000683184999674201,0.000529519109112205,0.00104189820867411,0.000876472320184746,0.000944392068281213,0.000660449287801481,0.00101505859250536,0.000970574837371587,0.000617118161337374,0.000512316710492979,0.000835662022955951
"ATG",0.00186594040803754,0.00166292454105988,0.00188860089488873,0.00123884581158241,0.00169808559999824,0.00188222087056011,0.00145317279168582,0.0016277205871258,0.0016613648813572,0.00167409775255956,0.00166827844128489,0.00179249386012913,0.00161924678244337,0.00154707835689835,0.00163608368496961,0.0016673692364675,0.00161619549868415,0.00184934773063446,0.00128821668534233,0.00147853289364355,0.0015885259678169,0.00153650410056604,0.00184756828278904,0.00148907926343164,0.00146901921981205,0.00179656218791845,0.00119732816309741,0.00174433592312621,0.00159657065599406,0.00172088879024364,0.00159537722040162,0.00171335804049423,0.00159542285790247,0.00170400450177488,0.00167180178571261,0.00168735304029234,0.00146764848473827,0.0017572827598101,0.00140334732145236,0.0018908774317131,0.00166159338231641,0.00145790520017681,0.00137661009546955,0.00177999374074901,0.00165547347412848,0.00188616504860396,0.00187526195092279,0.00185850167908628,0.00181461631243158,0.00172095780357625
"ATT",0.000577582778344944,0.00100909150862118,0.00152515327956663,-0.000315175709855488,0.000479295321437544,0.000406745129082505,0.000778093242274819,0.000514382493098299,0.001868399840115,0.000388750036389062,0.000940805053075987,0.000987307148933726,0.000479762210212367,2.95695310047542e-05,0.000708908649837105,0.0013580895522537,0.00101693932355775,0.000373757721317664,0.000988253755415634,0.000541934633659247,0.0011027550706719,0.00122390019697923,0.00127868394693064,0.00129404963427834,0.00128953991210715,0.000915046951657453,-0.00020423747685689,0.000915080445203911,0.00148611281528696,0.00118891777479354,0.000219761005547121,0.00106839828443023,0.000928958893515564,0.00116544798183838,0.00125066341872461,0.00105187620507964,0.00132644000284077,0.0012170713882459,0.000774201180859864,0.0011607766923972,2.78378897711068e-05,0.000778968413293307,0.000709776282577547,0.000592663081653011,0.000691285566215481,0.000816903451422959,0.000806646625369389,0.000809554989393373,0.000780067306232278,0.00055429781042925
"CAA",-0.00194171476952986,-0.00174145063635542,-0.000670565693149668,-0.00222324784797279,-0.00176702537493646,-0.0016351833084273,-0.00161085535195498,-0.0014235616239018,-0.0009598537808591,-0.00203199653033164,-0.00174465070000531,-0.00135769714564658,-0.00186693205342133,-0.00212400679886615,-0.00193536821112169,-0.000658407065405497,-0.00120267639255835,-0.00164233584785094,-0.00166196449585477,-0.00193850759231215,-0.00132893489093931,-0.00140882372407806,-0.00109210612766326,-0.00134412534284576,-0.00149469878570575,-0.00162624217431875,-0.00258717327853689,-0.00146280398290819,-0.000728631251488841,-0.00134507320541136,-0.00268987059871148,-0.00151652490759227,-0.00173926224695733,-0.00141225661662642,-0.00126131600565529,-0.00101992894039676,-0.00164165096632983,-0.0013315500559074,-0.00189734891238634,-0.0014522576380909,-0.00225675355918949,-0.00159392868629579,-0.00136486361334645,-0.00211420084412069,-0.00196920551691692,-0.00201471940844454,-0.00199492630524241,-0.00121764180976612,-0.00142326714958672,-0.00167514205384495
"CAC",-0.00196589060455346,-0.00137358326857902,-0.00222164424929807,-0.00170820790488259,-0.00202039486689606,-0.0019590279739687,-0.00203228517055748,-0.002076744967407,-0.0017473019534794,-0.00123735878719644,-0.00119430314961741,-0.00155107564164958,-0.00143310079328863,-0.00143486086929955,-0.00136309298480309,-0.0023563859266386,-0.00225760659512425,-0.00216604606198954,-0.00203826631941387,-0.00181414812491385,-0.0021983806773363,-0.00238480564367136,-0.00233574782239527,-0.00220212185803846,-0.00205928930019875,-0.00184247664611605,-0.00158220668331549,-0.00201275580504279,-0.00238408934611854,-0.00227974539770936,-0.00174784499488988,-0.00144345885100437,-0.00218226553844173,-0.00226531720512492,-0.00226384717285089,-0.00234785042736026,-0.00223870103893423,-0.0022679751742876,-0.00198634735199434,-0.0022903851684704,-0.00184103785280009,-0.00221987751958459,-0.00232772825067265,-0.00211453933981169,-0.00223124273109982,-0.00208544302195474,-0.00200656778342161,-0.00196424691602022,-0.00209402800052072,-0.00205079209538065
"CAG",-0.00107905214547386,-0.000998402366948023,-0.00140626378153317,-0.000901434679004387,-0.000971556222431655,-0.000870672626584093,-0.00139397348198338,-0.000986750676027104,-0.0012706466032127,-0.000455664658828941,-0.000772615305093011,-0.00120848576075798,-0.000783193203672931,-0.00101431820989245,-0.00108989586403319,-0.0016750307982258,-0.00166450434881285,-0.00106354088120544,-0.00145793663698507,-0.00126523706541815,-0.0015989414532868,-0.00190071466302906,-0.00153612253687566,-0.00130238289011046,-0.00132019274202485,-0.00134583371519345,-0.00087903108091519,-0.00123724658932039,-0.00140578855751394,-0.00140348914631026,-0.00103606645304698,-0.000817567290467669,-0.00138526437978883,-0.00138085779041222,-0.00184553788379099,-0.00147687326627626,-0.00163668042610863,-0.0017374132403725,-0.00143641328010934,-0.0014720789563029,-0.000753685163552596,-0.00115570466059059,-0.00119522535148995,-0.00122989250505939,-0.00131219329050302,-0.00128498369631934,-0.00126230306285651,-0.000897785464383724,-0.00102911925388602,-0.00129130201555885
"CAT",-0.00137628095238186,-0.000888036788071422,-0.000972282774664168,-0.00212775732027599,-0.00185917846379455,-0.0014586070261268,-0.000899076971862381,-0.0018159687272417,-0.000546808530592403,-0.00096802758325204,-0.000655921857014411,-0.000732475222864775,-0.00102805777610183,-0.00158563287834805,-0.000994849797517395,-0.0013942976026233,-0.00119875332958965,-0.00184752182174534,-0.00135028184844647,-0.00163817852165235,-0.001128911640113,-0.00114796238282227,-0.00104755706652776,-0.00105793679559566,-0.00108292048424765,-0.00136464854307485,-0.00153726149612849,-0.00138539688613769,-0.00108747783565054,-0.00141016239491116,-0.00158222263709588,-0.00049411768493967,-0.00105617453429394,-0.000934439547601619,-0.000956752647832088,-0.00117849483021326,-0.00113350695260083,-0.0011092489153973,-0.00108762292407214,-0.0011561538302873,-0.00154396005396339,-0.00135368652707389,-0.00149284492225586,-0.00171431382089619,-0.00120099545997172,-0.00137999084073754,-0.00137027485407271,-0.00139253049310913,-0.00125899144906662,-0.00156137992438495
"CCA",-0.00413224859050696,-0.00292811254342092,-0.00341165180841987,-0.00277721275605389,-0.00345486244417655,-0.0036068969925929,-0.00364155680922578,-0.0033753013640625,-0.0031011937748913,-0.00327156735331774,-0.00302100197484421,-0.00279919635079878,-0.00297520793443583,-0.00237122665044605,-0.00278055176266569,-0.0030788969095131,-0.00358345489399265,-0.00415521122833384,-0.00333523540967167,-0.00270033494969925,-0.0032337656909908,-0.00356800631545866,-0.00394360611351176,-0.00319330056527966,-0.00325298127316285,-0.00348978136662375,-0.00369439883416039,-0.00322739996533659,-0.00312802814341294,-0.00322318364077156,-0.00387351711698018,-0.00317528618286787,-0.00376940590295333,-0.00378494410791822,-0.00314183641652089,-0.00345705427553756,-0.00373070431340013,-0.0028889007430507,-0.00364213604439054,-0.0040004115031987,-0.00364469223769309,-0.00323930719018599,-0.00347799975507325,-0.00360737713514069,-0.00384538230515362,-0.00419708972225294,-0.00413622026346681,-0.00337889075998482,-0.00367929940751302,-0.00329407652571035
"CCC",-0.00493479947519756,-0.00357968319154132,-0.00438998011264367,-0.00265651366149079,-0.00376300547636105,-0.00433785284265089,-0.00511253117386208,-0.0039059786852219,-0.0039850060486757,-0.00369856912180794,-0.00374448852377801,-0.00397778321224648,-0.00340435718521793,-0.00286051599937905,-0.00381589770469229,-0.0040174982623077,-0.00430642151076745,-0.00488050128916854,-0.00426210698454867,-0.00298779720402805,-0.004565730209211,-0.00472045166474337,-0.00501394010643636,-0.00412253427502996,-0.00412354968333595,-0.00464712239918455,-0.00419086037674029,-0.00428872835392589,-0.00439370389168704,-0.00413123616737806,-0.00483355360943468,-0.00400507330969727,-0.00521927514908923,-0.00525899118595252,-0.00462997355681369,-0.00477336569371016,-0.00468596559247383,-0.0039739538234089,-0.00461423607172704,-0.0052141580516204,-0.00459795115704789,-0.00389342805854149,-0.00417829605214095,-0.00425289515145919,-0.00510169356610952,-0.00533997321972644,-0.00527402725699861,-0.00414658550979473,-0.00453482330657522,-0.00423331045236475
"CCG",-0.00437229450079566,-0.00355961770237442,-0.00455336788106077,-0.00205925267298659,-0.00353811094280495,-0.00395588642950869,-0.00427904764578818,-0.0033267125408303,-0.004383009208409,-0.00359328061560974,-0.00387894003693871,-0.00459592068186377,-0.00364999775650543,-0.00318847372555845,-0.00417357703732769,-0.0044242752755069,-0.00451614978860965,-0.00400721979767424,-0.00368806406202287,-0.00338718677681265,-0.0043048492813626,-0.00457298607840556,-0.00485347968830576,-0.00361301596346956,-0.00383469523428005,-0.00430364973939265,-0.00313719892313299,-0.00384826358481869,-0.00404398416955154,-0.00386377753711916,-0.00361907697625868,-0.00416084417741637,-0.00438183381231433,-0.00432313598479242,-0.00408909107634759,-0.00427725162093876,-0.00443677878737283,-0.0043238960232262,-0.00374722072086734,-0.0048326800154198,-0.00368399403888019,-0.00323951117393929,-0.00368413804916525,-0.00360866977256529,-0.00430838033229142,-0.00432803377544084,-0.00416282914698241,-0.00423081569545323,-0.00435561828862842,-0.00384119965481815
"CCT",-0.00318459066177426,-0.00211563269479882,-0.00296854574449047,-0.00233800811357849,-0.00293282363803165,-0.00311378778445849,-0.00270655613763568,-0.0029208339265489,-0.0024824241160489,-0.00279525301849634,-0.00243595634979331,-0.00235287298046608,-0.00216447781547113,-0.00188937029119905,-0.0025558067208455,-0.0027218973976816,-0.00282560969456805,-0.00339808301352784,-0.00232665317591347,-0.00223714502299565,-0.00245134745361541,-0.00263183387578126,-0.00296054950778056,-0.00241672970487016,-0.00218226584937785,-0.00283284369304814,-0.00256399593780329,-0.00256252525003429,-0.00264865498612884,-0.00221346887594036,-0.00281516179652368,-0.00249364506375207,-0.00279791654517943,-0.00297646282348062,-0.00246691062394509,-0.00282571428811276,-0.00245519143110023,-0.0023451910858431,-0.00247600205225994,-0.0029841016372025,-0.00280913142731059,-0.00233304050375529,-0.00249157230923796,-0.00280431018730009,-0.00253196528952462,-0.00331349385578344,-0.00328551201033431,-0.00301087247170373,-0.00305031033496852,-0.00260674183878125
"CGA",0.00281466368753024,0.00219641150322618,0.00204501737364433,0.00300506526751792,0.00274197447607434,0.00253535686880571,0.00256022943856942,0.0026228923507539,0.0019952099564677,0.00314538706168676,0.00236791999916939,0.00296363707808333,0.00282099780282767,0.00329336840692215,0.00338314624082001,0.0022770086835092,0.00205276749642235,0.00262417913624686,0.00186541132977234,0.00246762404011685,0.0023975501744937,0.00230545176584454,0.00208955400774704,0.00172425533323164,0.00195492501449745,0.00288596946147715,0.00241428368826981,0.00286601733459841,0.00185324959726456,0.00230912820753234,0.00301883136107432,0.00255756341250723,0.00266750342287907,0.00217860882699628,0.00228005215214501,0.00228932133514364,0.00207608813217197,0.00219370481708391,0.00231039028403376,0.0024675525705139,0.00292608910903091,0.00199326247479871,0.00233786278858385,0.00292588401198051,0.00228240567026878,0.00232667115721536,0.00257337493002989,0.00250280980676208,0.00224655155050738,0.00285441559790535
"CGC",-0.00282722591319426,-0.00224316356548092,-0.00350662554299507,-0.00102713160925069,-0.00224200677907906,-0.0026958465298376,-0.00252880838532258,-0.0024873111716281,-0.0030747629858049,-0.00194888559611524,-0.00236810374716851,-0.00280955646740078,-0.00222340310222603,-0.00190519885450455,-0.00242952144276869,-0.0027971704546671,-0.00275295110655225,-0.00237941303397514,-0.00229038589252137,-0.00199740984687305,-0.0029753624475007,-0.00287477240210236,-0.00322675868169846,-0.00254965975308196,-0.00270709136136415,-0.00273053900613215,-0.00137007990620359,-0.00238214031494709,-0.00306728665294864,-0.00293269599511886,-0.00203022786292518,-0.00260788996696677,-0.00289206576282514,-0.00290460303556012,-0.00266378820203139,-0.00286068085303576,-0.00284631116967273,-0.0031525457335058,-0.00263505709529954,-0.0030659209665591,-0.0019316580427944,-0.00225970220072229,-0.00264300306709155,-0.00223441974355209,-0.00252184220176002,-0.00286115093716534,-0.00261008888991401,-0.00297339181602863,-0.00300212545163542,-0.00255215903912485
"CGG",0.000845438539234744,-0.000304073658331721,-0.000647512172515668,0.00226036664112751,0.00123439498514735,0.000602787704740204,-0.000450227539563582,0.000911504133904898,-0.0011156527176195,0.000755270264694262,4.2740822730588e-05,-0.000441734040226373,0.000303241676131466,0.000513369767420752,3.35605456207068e-05,-0.000339996880990897,0.000153988001113853,0.00114275556336826,0.000186002566904632,0.000947685132289548,-0.000231983733670803,-0.000330411485364564,-0.000336276521594563,-6.51048174816621e-05,-8.31858758095529e-05,0.000470141480694852,0.00192528566935281,0.000533136944320608,-0.000358715129940242,0.000188061912079939,0.00143927356454962,-0.000220908960225068,0.000221049356257465,-0.000184582029339918,-0.000309290700462088,-0.000221189813786164,-6.90959257906264e-05,-6.30491214053952e-05,0.000185483053937865,0.000123482350008003,0.00194870586044981,0.000469832882763206,0.000263547531663046,0.00117451830450081,0.000599367717724779,0.000564615703058657,0.00075126459971589,0.000152078258360475,1.64706491832776e-05,0.000910240026816649
"CGT",0.00163422222699184,0.000981297805637178,0.00122952833398833,0.00151433436499621,0.00113013652075164,0.00128578712047911,0.00226522238461752,0.0011846652512373,0.0011812530097218,0.00121180632768616,0.00138211645902289,0.00135222136972673,0.00166519746423707,0.00178316491685445,0.00134808037590201,0.000843320397345103,0.00110068882868725,0.00151730943237516,0.00192619566525074,0.00132028807728535,0.0014473516990595,0.00150947612123064,0.00184682132724984,0.00151449345121784,0.00154514670800895,0.00139864285732335,0.00246141490759921,0.00122610210699391,0.00110358948313476,0.00111327768611494,0.00182920751101922,0.00133234623991693,0.00201301529917577,0.00202101339495558,0.00179570966777641,0.00178774143822934,0.00167009414762977,0.00112764144892871,0.00221240728390076,0.0017945718308673,0.0017288598834694,0.00160067977134701,0.00122285365672675,0.00124743656772141,0.00225870531914008,0.00180109497415296,0.00174188105871049,0.00122421655917327,0.00142397714354868,0.00120492864081455
"CTA",-0.000250337094769057,-0.000106339044171521,0.000252576423838032,-0.000762969881949085,-8.59296216602565e-05,-0.000106481043796795,0.000381361621658118,-0.000152124224445202,0.000213287145066698,-0.000295266443021538,-0.00026371943051821,0.000562062371846927,1.58159873150689e-05,0.000287643178908954,0.000245671431638707,0.000538173009628301,0.000323286524828152,-0.000408092498587836,9.70293002524325e-05,0.000220062607960047,0.000257540830550195,0.000438192996355134,0.000556484738234036,0.000157286307933036,0.000404045272068748,9.9660323518453e-05,-0.00064776648568899,-0.00016879789134169,0.000698549078591959,0.000184370659728237,-0.000146646848759278,0.000197366770284431,0.000235538753155264,0.000851263770007479,0.000530593494083312,0.000629569598844637,0.000490366596800674,0.000565045059213502,0.000347400536235262,0.000426338423160103,-0.000455229657625195,8.24271014205069e-05,0.000112650898691946,-0.00035528380025409,-0.00028752525846162,-0.000179981411613742,-0.000235279217639512,0.000156801147482073,-3.91072000446233e-05,6.59642201569499e-05
"CTC",-0.00100571263449286,-0.000634719660214021,-0.00139944071361587,-0.000608904590720386,-0.00118563945182226,-0.00157021204980239,-0.000613309955213182,-0.001325135595962,-0.0010956270429934,-0.000948184502857441,-0.000918279068589611,-0.000904484835988574,-0.000671387632374332,-0.000299301386826649,-0.000794014840829995,-0.000907741999765198,-0.000929514450282949,-0.00112124556142843,-0.000835293738273266,-0.000422560359072652,-0.000779061607109204,-0.000568277201248864,-0.00100012066707557,-0.000273388649500363,-0.000276268385401953,-0.00108076789352365,-0.00045829511790409,-0.00097562962565469,-0.000571166053915939,-0.000790923833423461,-0.000669916777627979,-0.000945704294370471,-0.000982677610148235,-0.000781828184654318,-0.000712397161314889,-0.000944744651809961,-0.000503973388156526,-0.000800308817632496,-0.000449063771556138,-0.0010666412532122,-0.00114913816800889,-0.000255651324883092,-0.000783053582554153,-0.000752972300865688,-0.00093365058829192,-0.00096219804308454,-0.00101819394698331,-0.00148686566378043,-0.00127003184372842,-0.00119544865255235
"CTG",0.00186529747837994,0.00137645695936218,0.000278040894300332,0.00167816711133361,0.00153070382720364,0.00125724205585391,0.00148723357002212,0.0013279922193459,0.000330225956252598,0.00122800109607426,0.00109002578429149,0.000814198806628325,0.00135919077018147,0.00158440905989305,0.00121301376003001,0.000756963788629002,0.00131062385874025,0.00195393290620806,0.00132156221607203,0.00140672275663525,0.0013623552447702,0.00129331299720184,0.00103811284664624,0.00104059322290294,0.00109164994480845,0.00133583360059305,0.00218056795042481,0.00126527158779111,0.000819734919219359,0.00116059751732714,0.00203589615528942,0.00104565843544013,0.00155745073938197,0.00151930405253868,0.00106217337901461,0.00114164088068264,0.00145524841683877,0.00126057344706971,0.00202159059492406,0.001420418666909,0.00161796958908811,0.00138687373605361,0.00126594543500634,0.00178297443465871,0.00181810358321648,0.00199563735325736,0.00202078881428839,0.000934206581783274,0.00130808179449618,0.00123815398411295
"CTT",-0.00125094689736106,-0.00112900907925862,-0.000736920877614268,-0.00196954213070528,-0.00162153805190796,-0.00170337648097319,-0.000431584134533383,-0.0015378982302326,-0.000588712149500202,-0.00153854039034724,-0.00127348699556351,-0.000834119485951273,-0.00100988771262253,-0.00114815883403065,-0.000991439458715094,-0.000646458754731998,-0.000836131573155048,-0.00148813729563853,-0.000740458214507467,-0.00125089101844525,-0.000426663155307105,-0.000300960671847966,-0.000698640654004164,-0.000102911835468865,-1.74160704584508e-05,-0.00114929134995525,-0.00157716186235179,-0.00120590517424789,-0.00021105228018924,-0.000783508207263663,-0.00128868222332788,-0.00112466341055837,-0.000812968726231135,-0.00050996214215332,-0.00036139039896349,-0.000717706241530561,-0.000375815297288227,-0.000681256296713496,-0.000558495691660239,-0.000631910046208897,-0.00165398582977019,-0.000316524919064393,-0.000707699114141154,-0.00138331046589879,-0.000957129619319121,-0.00125231675318334,-0.00129822584879691,-0.00146004799485742,-0.00126580507103642,-0.00155778875236955
"GAA",0.00343676311130924,0.00242527308219908,0.00439085694883963,0.00208298709031182,0.00335775374779905,0.00392264448636781,0.00261682976589072,0.0031998775686298,0.0032095863228896,0.00222596288904866,0.00218087844213809,0.00260683143110232,0.00206315143834127,0.00164557014021275,0.00237681773493181,0.0037322251314333,0.00330533462437055,0.00387061204574536,0.00243743789827284,0.00221745699980455,0.0025516348939719,0.00271334028401584,0.00320299556417994,0.00195917258149954,0.00196999609177835,0.00409461410901476,0.00128569672732411,0.00390334624613281,0.00294675795144876,0.00437835635184124,0.00213658003217822,0.00235019360655373,0.00249406615871637,0.00262064533477608,0.00233594723120121,0.00327991417735904,0.00215439206301767,0.0028160984749379,0.00164889213739296,0.0030014564218767,0.0027479183172328,0.00190656213175581,0.00285632544258685,0.00335121181722261,0.00281507024514738,0.00315177129007246,0.00305088460550429,0.00410701313386047,0.00375587831981748,0.00429395375617135
"GAC",0.00457362869639864,0.00389562534568478,0.00391569086159013,0.00385869043800241,0.00409327895371545,0.0046186701906646,0.00415609798498962,0.0041540704469344,0.0032410291659279,0.00399601398636216,0.00377146752965339,0.00355155478777823,0.00400486516167387,0.00398358279081695,0.00380648069626751,0.0035242280284717,0.00388169658468555,0.00494107288532766,0.00386297688362553,0.00404898919364285,0.0036829039985458,0.00361480338410923,0.00394537611821164,0.00371157569666454,0.00354999259866465,0.00455037277876445,0.00438885636215431,0.00415002985806331,0.00350885165091496,0.00421192226526434,0.00474093355262162,0.00363137444137653,0.00418176883949167,0.00406581995613938,0.00348338771858521,0.00407742396350324,0.00408328571784367,0.0037090282043397,0.00426751809139956,0.0041402654637272,0.00419995714515551,0.00387911004211831,0.00420059313735855,0.00436832734116521,0.00430426130269208,0.00465731235422736,0.00469647309308399,0.00434316888190968,0.00423411442955368,0.00443431963645675
"GAG",0.00262380370073754,0.00150416751731988,0.00158017534343943,0.00319942907547332,0.00341205716771464,0.00296771748279721,0.00126302451132652,0.0025321648194014,0.000960881459529099,0.00254148896293236,0.00179187842148379,0.00141270463424432,0.00184922814986517,0.00192428194083305,0.00176072843901401,0.0011504789535388,0.00137528710685915,0.00310382052022486,0.00154685182808633,0.00164646751147015,0.0010865377520521,0.000845988442989335,0.00146422737995414,0.000623982279525138,0.000632032756677749,0.00270026143502045,0.00268167225794231,0.00266922641486601,0.00104106204322616,0.00251185175921724,0.00255235818543682,0.00166981935488883,0.00178461502700487,0.00137756229290208,0.000885444234749011,0.00154834485265964,0.000980693829694672,0.000958462926009405,0.00120969623376596,0.0017747457143631,0.00328364792929581,0.00115461402278461,0.00182053935480095,0.00302882319438041,0.00217882066158368,0.00250542697788756,0.00248020436353209,0.00251180237317737,0.00220002992709828,0.00320543291757355
"GAT",0.00358790863666644,0.00315266608359908,0.00406241866144533,0.00225319051581151,0.00318794284112025,0.00374863260703761,0.00351519122488432,0.0033917250034033,0.0036701133025277,0.00319842029783756,0.00327291171890309,0.00323573320025783,0.00316609713227697,0.00304828749690795,0.00316608998873451,0.003397062146701,0.00337326408250855,0.00345763111783516,0.00312011080218303,0.00298545945705595,0.0036497412820008,0.00372246647001874,0.00389774616154244,0.00324059737928984,0.00314336227901705,0.00369029767701735,0.00267207225779451,0.00337706886490731,0.00327185301555556,0.00371861454875894,0.00328942457266032,0.00337724463699003,0.00380808145100487,0.00379079333263318,0.00338642237492661,0.00372491816867844,0.00364196109974477,0.0035673203109172,0.00348172185408996,0.003741149234997,0.00330599706028581,0.00320212009482391,0.00344944383785245,0.00340901501785911,0.00364815540608728,0.00362731671429136,0.00360915112321519,0.00369699799455248,0.00376134100474298,0.00374057465249265
"GCA",-0.000814857956285359,-0.000622778838727522,-0.00112342625743877,-0.000771160773606186,-0.000657509930223454,-0.000806764969015893,-0.00113539109286238,-0.000808019431131502,-0.0011555665167066,-0.000680842730564239,-0.000810806336600311,-0.000969513400828775,-0.00112754141545623,-0.00101674436460455,-0.000726390245664694,-0.000920835630844698,-0.00103653790490575,-0.000461858936595238,-0.00112407488117757,-0.000961390254932453,-0.000819690203070406,-0.00117892897122166,-0.00143021427937396,-0.00128305831258686,-0.00125343374034205,-0.000775784825244246,-0.000826981640625592,-0.000581661911714392,-0.00131872561381614,-0.000861969664803262,-0.000729731426695978,-0.000871536059255371,-0.00112690106727343,-0.00130459442098522,-0.00110490923495069,-0.00128492279585956,-0.00143103596732493,-0.000806460634164195,-0.00136821249104674,-0.0012825654642884,-0.000600824707290195,-0.00140872326817949,-0.00111867848711665,-0.00099002553232249,-0.000851561171360021,-0.000856791977436041,-0.000932504709822712,-0.000791835084720825,-0.000918980430963421,-0.000528811953579449
"GCC",-0.00337279272301616,-0.00265434791208082,-0.00373409367300457,-0.00221513114894459,-0.00279898996018785,-0.00319761743333139,-0.00331667933137648,-0.0030199590266592,-0.0034264988880676,-0.00265805726274804,-0.00287103964085571,-0.00337529314241258,-0.00292142138776693,-0.00260554072196395,-0.00296820715269589,-0.0031108977944067,-0.00303705055104605,-0.00289242697336584,-0.00282321601429907,-0.00267595905690455,-0.0032276241940083,-0.00340971130667296,-0.00361766750371376,-0.00313891846062626,-0.00318204434616705,-0.00340607391905835,-0.00210953433155489,-0.00289202833525029,-0.00346693591689154,-0.00334004112253586,-0.00291487548601198,-0.00293712303269337,-0.00343227422114023,-0.00359303361019242,-0.00313107371073249,-0.00332149916532716,-0.00341387938002013,-0.0030111379815627,-0.00321731493446814,-0.0036148330587619,-0.00262860476103809,-0.00299891778237659,-0.00307477837793945,-0.00292639234650899,-0.00331544586167572,-0.00340258036826414,-0.00327774435855541,-0.00332872272723143,-0.00332070204099982,-0.00282367207589595
"GCG",-0.00203790062626476,-0.00189971289303322,-0.00346735188261957,-0.000115992292954087,-0.00172711970719846,-0.001835378637682,-0.00251917090637128,-0.0013455169809616,-0.0033700860402797,-0.00138620061472644,-0.00226824436856201,-0.00330205164548047,-0.00214080756177973,-0.00190644030151955,-0.00272979705688869,-0.0029244936157098,-0.00264800309153045,-0.00169610650585724,-0.00191070393765877,-0.00202219755963665,-0.0027155934101176,-0.00307836118593266,-0.00323726232389347,-0.00253119645197926,-0.00263633907424655,-0.00253364251212905,5.59373069605081e-05,-0.00199076486554539,-0.00315436586208694,-0.00235240915875586,-0.00146186773575788,-0.00266226977450777,-0.00248553655377693,-0.00282744200397472,-0.00268687797262189,-0.00285332104045096,-0.00265227634122623,-0.0027406378601254,-0.00217960201564884,-0.0028281135599044,-0.000921027579726893,-0.00196327890524979,-0.00210484187936036,-0.00140527393012859,-0.00211701543754962,-0.00193851631384134,-0.00183740275349141,-0.00241398409188913,-0.00256843718721832,-0.00174355857359515
"GCT",0.000205586727119341,-0.000126042258043524,-0.000874586284576068,0.000268662301550614,0.000120446922759546,-0.000220780178204094,0.000565794524645318,3.1875072210967e-06,-0.0010081253160136,-0.000349893973332641,-0.000461241034242211,-0.000629707677389273,-0.000244864197697533,-5.46590232375459e-05,-0.000364547161870194,-0.000480172314300097,-0.000198289056513649,0.000374601154883664,-8.16111919304668e-05,-4.00313529392536e-05,0.000240014621803494,0.000170451980230437,-0.000485392966219963,-0.000178376466381865,-5.75492734124529e-05,2.8356033772655e-05,0.000944166606759909,-1.42088357728901e-05,-0.000614931819171039,4.52615039801367e-05,0.000643217909629422,-0.000213556471171768,0.000191947205961666,-0.000214326307201019,4.18053243637119e-05,-0.000286926183986864,-1.48332475263281e-05,0.000102789254614002,0.000219848922356661,-0.000140429847514899,0.000377095579017404,-0.000197394596683692,-0.000130547371457353,0.000319569268168712,0.00064912389296648,0.000294158177319259,0.00028539497329139,-0.000507522776467626,-9.9177006616321e-05,-7.47785791969519e-05
"GGA",0.00381253234201534,0.00225861190506558,0.00340099387911213,0.00338261776513672,0.00370370854690845,0.00376989802269161,0.00221860299730292,0.0039148247301105,0.0027164717057516,0.00322308786356676,0.00293806598928499,0.00257461369896162,0.00260178312119847,0.00223368441406585,0.00253244905907361,0.0031305838439153,0.00325665015705095,0.00365746689838736,0.00307855945104753,0.00326565417149755,0.0032458924663777,0.00329308264984544,0.00336476422424333,0.00277441226014324,0.00270134229753205,0.00344265722987456,0.00270511288314161,0.00327715832914901,0.00288917498257506,0.00302721424511674,0.00328688233473602,0.00260282129503743,0.00359770154840527,0.00296131165850218,0.00308106268969811,0.00325045482791954,0.00312187953493037,0.0032596102359328,0.00293242415268816,0.0034973140724109,0.00341028640426891,0.00284244607659021,0.00314985649450705,0.00357499174085461,0.00332863558479948,0.00388538690347466,0.00387054450048789,0.00371204293945128,0.00356798903574868,0.00337411354533385
"GGC",-0.00127828257736836,-0.00130600814254852,-0.00207947048982457,-0.000260252549613687,-0.00103368948996875,-0.0013185111624426,-0.00170213960547868,-0.0011998475411605,-0.0020885451998118,-0.00102886977458034,-0.00128529088752441,-0.00179018857064777,-0.00140656852293553,-0.00119715975198115,-0.00150440979853489,-0.0016793175834854,-0.00140212019461135,-0.00110843276364694,-0.00110235730532907,-0.000790978260227952,-0.0016105298553914,-0.00167340939802706,-0.00189766899439826,-0.00135729266846546,-0.00138570311552475,-0.00179871334733855,0.000378536734675708,-0.00143426264991249,-0.00199891499795834,-0.00171177757662146,-0.000780388671523878,-0.00154767826485037,-0.00159626550194103,-0.00202618816426282,-0.00141274040613499,-0.00181151800994556,-0.00163856326500513,-0.0017073126172617,-0.00143841386356694,-0.0018363151851169,-0.000559673616636294,-0.00119167637314089,-0.00132698786544945,-0.00096175931393859,-0.00110205592659362,-0.00143900148962114,-0.00124457045104171,-0.00161986125032883,-0.00151612875485732,-0.00126633776638175
"GGG",-2.04995129061587e-05,-0.000722144992735423,-0.00100306210378397,0.00126969054009141,0.000721586921403346,0.000106203056418105,-0.00124751282852068,0.000344894659883199,-0.0013921972052219,0.000118016603119261,-0.000530724271212712,-0.00127666203906437,-0.000601130764427832,-0.000595812373737549,-0.000757794061852394,-0.0010304867577233,-0.000945436036194246,3.12167711771644e-05,-0.000653429630799066,2.05935293754456e-05,-0.000917959296737905,-0.00110625866571196,-0.00116623619112747,-0.000865248860010763,-0.000908774077997852,-0.000555179151500346,0.000865742966061109,-0.000426493303167092,-0.00114515997663694,-0.000537243194127561,0.000336684628499822,-0.00106006184491167,-0.000687379592346934,-0.00140520967706062,-0.000794175705626989,-0.00112628409240316,-0.00114775409432783,-0.0010348144553002,-0.000868265847676138,-0.000964685674075899,0.000769028099003706,-0.000649480388107491,-0.000754894104215253,0.000429469545763311,-0.000176601988964822,-0.000148358170644743,-0.000188250855574612,-0.000225141762051927,-0.000543701233548622,0.000184899336127649
"GGT",0.000485591152016244,-7.6775666039211e-06,3.4097804498933e-05,0.000920749571921814,0.000793908576297946,0.000391682195688105,4.28912251740181e-05,0.000495747268963898,-4.29590886372004e-05,0.000695696864923361,0.00023738966267739,0.000188507297970927,0.000169407266040669,0.000145886151808852,0.000272421987868407,-0.0001245890142231,-4.03735094495483e-05,0.000300666177212763,0.000403525987880533,0.000578043911312547,0.000485165851551696,0.000445462714473537,6.68418722953347e-05,0.000268388370786837,0.000302520962608046,0.000186492279388252,0.00123903123041141,0.00025198682981541,-8.86053884118394e-05,0.000131677926062636,0.000923818196986923,0.000108889105609231,0.000440960774579866,-0.000182764039561821,0.000664535081940611,-2.55849148640616e-05,0.000141258702584673,0.000138145906288804,0.000406845204360663,0.000161351666120902,0.00115004999594861,0.000206798307048509,0.000184567665226947,0.000586005716509411,0.000817828631886779,0.00047562100271346,0.000514406154858288,0.000291081165578973,0.000504064988221076,0.00058429957358885
"GTA",0.00194829873432804,0.00169083311790638,0.00210231911071163,0.000328186648783115,0.00121949421325004,0.00183648178210361,0.00179407780391962,0.0016931128510025,0.0020772029107112,0.00170528738059006,0.00172148184751529,0.00209194411682012,0.00129330262170887,0.00102332078863415,0.0017360414677351,0.0018174561897967,0.00202432236008395,0.00133353041966856,0.00199608553698593,0.00146760001948715,0.00206341148479919,0.00208275899975174,0.00232683042180274,0.00151996434445684,0.00174750689632245,0.00163103604376125,0.00118245438795811,0.00155845751321361,0.00183672127552186,0.00131352434458694,0.00154707057017642,0.00223323252054243,0.00226813110255117,0.00234031356330818,0.00191804851834201,0.00198698148576694,0.00223554799024887,0.002312144074838,0.00216184411683556,0.0024480874304072,0.001454381329105,0.00142361628155171,0.00168071895844725,0.00106898810746231,0.00226461234533478,0.00183726051638626,0.00186271104175209,0.00194106528005887,0.00231340861969518,0.00143487921544675
"GTC",-0.000230645051857957,-9.72614948131223e-05,-0.000585895515331468,-0.000290861766240286,-0.000494987479042957,-0.000533102435300196,0.000153449489333518,-0.000596558768340503,-0.000255570939209502,-0.00030523046718944,-6.5677156260012e-05,-0.000367465624458375,-0.000131825187535232,-0.000138731327961349,-0.000426822739290393,-0.000370417655059699,-0.000141746524933047,-0.000320687504910738,6.90383803227321e-05,-0.000276751013119352,-0.000239000192420406,-0.000134265002446864,-0.000187290293445365,0.000156650249453837,1.52951173873483e-05,-0.000359675773209545,0.000362975120998209,-0.000424246743178092,-2.41271452344413e-05,-0.000581986761200862,-2.25992461783779e-05,1.71394561458288e-05,-0.000149773122928035,-1.4184153019018e-05,-0.000228417620432089,-0.000438934191345861,5.7297760742675e-05,-0.000155553754937497,0.000395912392515765,-0.000240655962376497,-0.000241395613175495,5.06376743684075e-05,-0.000322527318173355,-0.000422107378028988,-0.000104866657970919,-0.00013459157485924,-0.000238422994445112,-0.000704848993635425,-0.000160441293336321,-0.000486373455880151
"GTG",0.00275062230039094,0.00233658067376738,0.00139372353335523,0.00236470899833281,0.00243716673560064,0.002564361897658,0.00259851580153872,0.0021719066806183,0.0015819799010269,0.00279095530522256,0.00252583096043799,0.00202794199070802,0.00261908686448717,0.00273387315916185,0.00228307946338941,0.0014195472528091,0.00183592778282315,0.00284078346806886,0.00229349296474813,0.00194890767139295,0.002036675864529,0.00177106423107984,0.00210601731820463,0.00182481079501994,0.00182795813931025,0.00202523957829615,0.00330615595663001,0.00187621572995231,0.00156389251891686,0.00165767418532974,0.00303108476195992,0.00254703224083133,0.00242158528041907,0.00216563030075538,0.00172620498737231,0.00185981962720414,0.00225238693603697,0.0019203233936206,0.00268245896435906,0.0024528220621888,0.0030461247111766,0.00204081557362701,0.00210580165962555,0.00264386028587821,0.00273630245531308,0.00286722085235906,0.00292419106901929,0.00220892595489857,0.00248143730975858,0.00223670407693655
"GTT",0.000156586862620541,6.16439334607775e-05,0.000402151911615731,-0.000808065858826288,-0.000343422306211455,-2.57344857666937e-05,0.000263695630495418,-0.000272325367721902,0.0004452699020525,1.67679673266606e-05,0.000216481291249588,0.000340709859256026,1.13130752150692e-05,-0.000361799850701647,1.16255145700753e-06,0.0001401978245202,0.000111524356663152,-0.000194873133152137,0.000518174416506333,-0.000174882570671352,0.000630666370594297,0.000568560593837836,0.000526213970214937,0.000463568282158235,0.000496273068354949,-3.61918477957447e-05,-0.000349834387713591,-9.68197123986901e-05,0.000294123515231559,0.000153308988900338,1.41734404233221e-05,0.000242905241505029,0.000674969259556766,0.000614188343453882,0.000668538042545311,0.000497963491705739,0.000835154211923973,0.000504911260925302,0.000622289818986464,0.000486594500000402,-0.000139618169175095,0.000339276532579008,1.12157036124445e-05,-0.000231770297999489,0.000481791082772479,0.000261603720418259,0.000245431578048589,-9.20677276718268e-05,0.00018405077728078,-0.000250031462982352
"TAC",0.000686550527564844,0.00115165928739248,0.000611824578337732,0.000795253621503213,0.000469700330177944,0.000695612120353906,0.00108934606430852,0.000336105432945797,0.0011698219128884,0.00130986135564326,0.00147996627421079,0.00156617193123293,0.00115292877950497,0.00143157287902045,0.00174902815331841,0.000361346153309402,0.000659026088047351,0.000654510161531164,0.000953416402419232,0.000964985809933448,0.000498676944876097,0.000686104168172434,0.000794192110725137,0.00104115407679374,0.000830616734377648,0.000910312671008155,0.00132189043097041,0.00101587773068741,0.00056446006065786,0.000878796597096339,0.00107997320505812,0.00152760047080033,0.000781376367602067,0.000808402858390379,0.000894828240405311,0.000722035726620638,0.000930202478553372,0.000606184315445603,0.000968586803359765,0.000690123804869901,0.000758027801783207,0.000510315588577007,0.000493804163080147,0.000541240123740811,0.00106305176762288,0.00085690664299666,0.000809451448819089,0.000474398126013974,0.00069424043296288,0.000725563242124649
"TAT",0.00131456178343034,0.00188394182083388,0.00207866371559333,9.15759992701354e-06,0.000751635633918543,0.0012073575400637,0.00207216993351022,0.000906362227579897,0.0026207263570472,0.00167694518209136,0.00208006828542619,0.00191634970751273,0.00156806323945797,0.000929616191604053,0.00173454163319641,0.0014528709647637,0.00136649347428715,0.000600604034659263,0.00152850159742103,0.00111385637593785,0.0014775580432534,0.00200377836067744,0.00194371274341503,0.00175939823229924,0.00185082561111225,0.00118885466546935,0.000846351516185607,0.00113706410933181,0.00174462018620316,0.00145472731834024,0.00130426333592922,0.00243231380732273,0.00188234314526767,0.00200108978068968,0.00208830707146211,0.00175483840376724,0.00219060681858687,0.0017828841418387,0.00176427896725846,0.0019048891161328,0.0010325826241858,0.00136696055718741,0.00101934717499534,0.000843256930929213,0.00164134556308648,0.00146107736860426,0.00146679811649649,0.00125643709083858,0.00157082606300808,0.00107423963886735
"TCA",-0.00267215084713976,-0.00256806023532052,-0.00182721541440927,-0.00265715997744989,-0.00266371177199495,-0.00262242686107009,-0.00210479027914518,-0.0024399747113055,-0.0019607246518165,-0.00283203031573904,-0.00261977496148611,-0.00226165946053117,-0.00255613725330503,-0.00250237203355395,-0.00248007582054599,-0.0020770529938419,-0.00236393865495285,-0.00281909743357344,-0.00216485193115967,-0.00254980515380455,-0.0018548602575571,-0.00208849407326396,-0.00220672239208537,-0.00199044964469386,-0.00192546714995505,-0.00260126284944944,-0.00284682614563169,-0.00232667241556739,-0.00172268895496724,-0.00230217355128156,-0.00291024246239478,-0.00242321356413267,-0.00234745286055463,-0.00193464250587452,-0.00209342618319109,-0.00193624041114826,-0.00228809563641113,-0.00209412219550449,-0.00239801348927364,-0.0023642541389172,-0.00266354141695749,-0.00206381012620669,-0.00221736627427485,-0.00279266801152079,-0.00253859537962072,-0.00268678335572604,-0.00266830787106601,-0.00235849248540693,-0.00241039340313952,-0.00252014358608825
"TCC",-0.00387123517520686,-0.00311732622701782,-0.00347541174483257,-0.00266857725236039,-0.00343997485008316,-0.00405391759149019,-0.00344759591516778,-0.0036060895432384,-0.0032109691151344,-0.00381464270801074,-0.00348762201510291,-0.00351691701764517,-0.00322764087092623,-0.00299293180952125,-0.0036616762836297,-0.0031095926113735,-0.00339796536563175,-0.00380331528804144,-0.00323276919284067,-0.00297534199642315,-0.0033591383903335,-0.00337543867470516,-0.00367578819375636,-0.00298471162715006,-0.00286666494588405,-0.00377364998756075,-0.00309704090353259,-0.00352237877443979,-0.00307469826564934,-0.00310654437439346,-0.00365849820243178,-0.00337252968231727,-0.00376310075335673,-0.00359960057082362,-0.00331741635758999,-0.00341924711866736,-0.00334583811558303,-0.0032365638988475,-0.00336665594473814,-0.0038792979219041,-0.00361097138272459,-0.00278265517000779,-0.00318273452642125,-0.00336717477417399,-0.00376882476721732,-0.00386958842120774,-0.00386093174042121,-0.00370252598958863,-0.00388156977933932,-0.00364652411897535
"TCG",6.94702966297436e-05,-0.00033680812389732,-0.000439428138349369,0.000559997528639014,-5.79363290800564e-05,6.39568822450066e-05,-0.000205146666189381,0.000197446122950098,-0.000793488460906201,-0.00043054296907084,-0.000458971479630511,-0.000951794091844475,-0.000165703144388733,-0.000296313905803147,-0.000613252408778395,-0.0003470822728311,0.000253139590249352,3.52921691086638e-05,0.000211798576498935,0.000116888165337448,0.000224952302494898,0.000219988967357636,-0.000231100278763764,0.000367987038280036,0.000165340562011947,-0.000664762935727148,0.00051949954304871,-0.00100389235639069,-9.01872507436396e-05,-0.000690200705026862,-0.000119640638355178,-0.00063923979063157,-0.000103702318440233,1.24915966895796e-05,-0.00042991161667089,-7.8201760475162e-05,0.000195566148404172,-0.000172688238770095,0.000583620427433464,-0.000460668991375496,0.000330823932279106,0.000572805776648307,0.000271308410975547,-4.89417247060871e-05,8.4470475218805e-06,0.000279626575762158,0.000300779948961587,-0.000209968893099027,0.000167919624726679,-0.000408263059988749
"TCT",-0.00103390221133166,-0.000882592686322022,-0.00027175472687007,-0.00151722753223179,-0.00179770080747416,-0.00150858513692479,0.000577802109489916,-0.0010901334687124,-0.000304781031722903,-0.00203674371636304,-0.00141895845592061,-0.00118624177844897,-0.000775599658623331,-0.000966294539842448,-0.00151670651377479,-0.000566507530485399,-0.000230812413112048,-0.00136151943621544,0.000206110338103332,-0.00121362761593985,0.000486810914706995,0.000442620191456137,6.70147583484368e-05,0.000586150933610436,0.000688779362459247,-0.00146009643667145,-0.00102214044859329,-0.00157681566067279,0.000126374199781461,-0.000408220977780663,-0.00124276139699528,-0.00123801596327197,8.41364897443651e-05,0.00049792474628458,3.92201131468109e-05,0.000218915254252036,0.000416929573533974,-0.000235069780830596,0.000545898657292664,-9.72791693657979e-05,-0.00158068085085769,0.000514671139682107,0.000202193413450145,-0.00139428652801719,-0.000457461293897021,-0.000858190913368841,-0.000978287738208111,-0.00113411905415883,-0.000599299987340523,-0.00166852668627865
"TGC",-0.000723442192987058,-0.000530869470684123,-0.00154187514142497,-0.000506912001984987,-0.00116171635501255,-0.000930765523825594,-0.000434948566914582,-0.0010568639030558,-0.0012708611123465,-0.000367619803358841,-0.000552759852283011,-0.000747465264632475,-0.000395037181129231,-0.000229431387993147,-0.000592136886062192,-0.0013620311975238,-0.000968987985825547,-0.000931259437671236,-0.000648095884066467,-0.000466013875270652,-0.000832942544306502,-0.000715241027510763,-0.000920265166641263,-0.000967300441240562,-0.000961618349584553,-0.00117063674071935,-3.05176660987914e-05,-0.000910719205208292,-0.00145250035141094,-0.00125387493895236,-0.000325476695733979,-0.000660734331046769,-0.000500635497705234,-0.000852970421573521,-0.000608327456770089,-0.00102550212431756,-0.000614593030105626,-0.0012431104269345,-0.000447355985530536,-0.000687413734542598,-0.000784989031885393,-0.00108305103072909,-0.00123926977933815,-0.000800685371715289,-0.00064222275008222,-0.000654134570767739,-0.000530861245960912,-0.00117190023248902,-0.000954847090271823,-0.00132854064402125
"TGG",0.00367136810412194,0.00258906667544758,0.00253388765047813,0.00296530466363812,0.00352161118589064,0.0033317417653353,0.00268274566789512,0.0029238609744944,0.0019780955008494,0.00343056593445496,0.00286891168841519,0.00329451432100903,0.00299692660694087,0.00318805600214295,0.00343117292222021,0.0024881930479724,0.00289852408331945,0.00350218542011356,0.00227361864122673,0.00316787034879775,0.0026307781829477,0.00286827513669403,0.00273349007627904,0.00256926441784624,0.00239512332714435,0.00337456510419665,0.00351508807791241,0.00269424841055231,0.00226683658690676,0.00315517693550574,0.00403981991576882,0.00255896910878933,0.00297620622695267,0.00255982490077978,0.00257871554373151,0.00229021035194834,0.00274919103437407,0.0026211101546865,0.00288181845304076,0.0030547546661091,0.00383047038716991,0.00271679737367361,0.00261477113111635,0.00363385928137021,0.00366473921468688,0.00373156242112446,0.00374265615334559,0.00298066250876357,0.00309525174696238,0.00348232586747955
"TGT",0.00229924497070214,0.00208778240263048,0.00221288761907183,0.000529785466008213,0.000787147655835246,0.00188103233308161,0.00353024497326282,0.0014894607788384,0.0026811909082473,0.00199316320484476,0.00216415503036559,0.00231901083567163,0.00266935786226127,0.00193835754050895,0.00205032783940431,0.0013839906389476,0.00210199798806765,0.00142547562796706,0.00252948717117613,0.00108747373559435,0.00231457807363719,0.00256529290958483,0.00283203558231184,0.00243165412740414,0.00221182990033815,0.00135262289761376,0.00211034166415451,0.00101938767366391,0.00186520037010006,0.00122228848456974,0.00215613492605002,0.00245458687763423,0.00318425746324866,0.00330228099526088,0.00246126472226071,0.00254358807290164,0.00301573565219457,0.0014498847650097,0.00328152170188776,0.003036905536378,0.00133598672353141,0.00188461239995341,0.00189929744987765,0.00137165678671011,0.00228378536480868,0.00249519809546006,0.00228422681008579,0.00189027042956117,0.00247143207748748,0.00084428222388825
"TTA",-0.00114377509420946,-0.00109795392090152,0.000225306064933532,-0.00199795675581708,-0.00127983538150256,-0.00110500626772489,-0.000826604368028783,-0.0011384948244177,0.000142729929269499,-0.00130719577953414,-0.00096256881823821,-0.000548638205743975,-0.00133792002793813,-0.00166667695550775,-0.00112995635399019,-0.000276934769606798,-0.000580300407796247,-0.00153879937120144,-0.000819966548269765,-0.00139284833103405,-0.000475950985743403,-0.000266054531713265,-2.23038996901639e-05,-0.000354961098397062,-0.000223442786586252,-0.00110795506942905,-0.00237688265709089,-0.00116256253188309,0.000158037965536859,-0.000565020395073262,-0.00164356427235098,-0.000801821690506771,-0.000529527903706133,-0.000143272120489018,-0.000500082217668989,-0.000149351624587263,-0.000178030733940526,-0.000405329908402897,-0.000787767504520236,-0.000365428119366597,-0.00168636952284949,-0.000653295299544891,-0.000928537186620254,-0.00153610336291849,-0.00101263205914372,-0.00114658791742224,-0.00122574952193571,-0.000572517916324126,-0.000790339634343423,-0.00117633348048135
"TTC",-0.000425506102352056,-9.9752334921422e-05,-0.000355995563664467,-0.000344562151308885,-0.000483246888567657,-0.000940330355162396,0.000164951385502318,-0.000929757047150401,0.000203008857463598,-0.000543273317914341,-8.37439200933113e-05,0.000209917247145325,-0.000106135043813634,0.000158048778523951,-0.000161846075165194,-2.29222868735994e-05,-0.000227294390437546,-0.000306028211389336,-0.000252376397869666,-0.000296643417960554,-0.000445055785285305,1.7842462467537e-05,-0.000285716429352465,0.000629854236378138,0.000524157399724046,-8.87116545749446e-05,-0.000422348409546792,-0.000241832045324592,0.000430887565184959,-0.000128268945894863,-9.32403669611781e-05,-0.000163105171944369,-0.000349363567412934,7.32610921777913e-06,0.000288005591099611,-0.000309739187373561,0.000102767434399874,-0.000270995608572897,0.000101165597899262,-0.000353580516075699,-0.000650722279590295,0.000318576967563107,-0.000159621522241755,-0.000283295522412387,-0.00040622231773042,-0.00034587504703924,-0.00027035140664311,-0.000831018192060426,-0.000576661345879623,-0.000600062720526651
"TTG",0.00109398556691094,0.00079158048289248,0.00136274349087373,0.000140190656420215,0.000731712304102045,0.000963697153216207,0.000817971411283518,0.000975195764257197,0.0010282595321918,0.000678443584347561,0.000955029866220588,0.00128551181665183,0.000915408036794067,0.000655586065108252,0.0010496099278567,0.0013100967235558,0.00126589519774945,0.000832347671300363,0.000835632674904933,0.00121776662321505,0.00147589139099689,0.00152177500003924,0.00143352349983834,0.00152407590766454,0.00161291580022075,0.000965816069381252,-8.28191021452901e-05,0.000659377705549011,0.00143838064211046,0.00104787698380564,0.000755047049009923,0.000758771124764131,0.00121270489676427,0.00136942062571928,0.00128073300440541,0.00118683870781814,0.00147905893754227,0.00142097147210231,0.00123281567468886,0.0014039294993972,0.000689488527746505,0.00151426942717681,0.00126186972130915,0.000944431185404812,0.00112346003053998,0.00103934849761906,0.00103347770530589,0.000831313804533374,0.00107888039845358,0.000558929960509151
"TTT",0.000365466893126342,0.000887597302516779,0.00148820450319263,-0.000661995483600086,0.000135535055980244,0.000205119844288806,0.00123036011711262,0.000180945290682799,0.0017303387791639,0.000127467663081162,0.000756475012770787,0.00126346859591893,0.000628224174612366,0.000319540743954651,0.000859440588734505,0.0012933460635987,0.00106800867357185,0.000162312183470365,0.000667692313428832,0.000233112596373146,0.0012286323455514,0.00161303773355333,0.00119511673993484,0.00162102679692924,0.00164811463816315,0.000545870383236755,-0.000276612737649892,0.000500073709743511,0.00160104253712836,0.00118131232277314,0.000367259706151722,0.000880770214159131,0.00103279570818967,0.00128173307549298,0.00118226948404911,0.00104317846103354,0.00165529565757187,0.000979351637870003,0.00110659464663096,0.0011545128635445,-9.99069683565931e-05,0.00108461345763241,0.000825548812069445,0.000338283840804011,0.000684440410281879,0.000479779887523159,0.000498170736580088,0.000352334009162174,0.000712411543549576,0.000397009815714548
