# species: Homo sapiens
# support: EXP, IMP, ISS, ISM, TAS, IEA, IDA, IGI, ISO, IGC, NAS, IPI, IEP, ISA, RCA, IC
# associations retrieved on: 2015-04-02 19:57:25-04
# gofunc built on: 2014-08-29 20:00:45.229015-04
# gene associations file: ftp://ftp.geneontology.org/pub/go/gene-associations/gene_association.goa_human.gz
#   revision: 06/10/2014 $
#   downloaded on: 2014-06-23 12:13:33-04
# GO DAG files from: http://archive.geneontology.org/latest-full/go_201404-termdb-tables.tar.gz
#   downloaded on: 2014-04-28 17:00:50-04
# translation required: yes
# translation info:
#   authority: ensembl
#     synergizer db built on: 2014-02-26 11:38:08.723614-05
#     synergizer db built from: Ensembl Genes 74 / Ensembl Metazoa Genes 21 / Ensembl Plants Genes 21
#   namespace: hgnc_symbol
#   coverage: 99.7%
# size of "genespace": 9627
# number of attributes: 14438
# NOTE: these associations have been restricted to the genes included
# in the user-supplied gene space.
# NOTE: the last record consists of all the entities in the
# "genespace" that are not associated with any attribute (for
# the requested support).
# Original number of entities in query: 367
# Number of entities in query: 360
# Total number of entities: 9627
# Total number of attributes: 14438
# Original total number of attributes: 17657
# Translation required: yes
# Translation coverage: 0.996627
# Mode: unordered
# Number of simulations: 1000
# Adjusted P-value cutoff: 0.05
# Over/under: over
# Evidence codes: EXP, IMP, ISS, ISM, TAS, IEA, IDA, IGI, ISO, IGC, NAS, IPI, IEP, ISA, RCA, IC
OVERREPRESENTED ATTRIBUTES
N	X	LOD	P	P_adj	attrib ID	attrib name
11	27	1.26597886921963	1.30838402998722e-09	<0.001	GO:0006695	cholesterol biosynthetic process
12	31	1.2307439201075	4.63107112062724e-10	<0.001	GO:0016126	sterol biosynthetic process
12	57	0.861544497815757	9.62769679128788e-07	0.002	GO:0006694	steroid biosynthetic process
13	63	0.850700727728366	4.32677045361925e-07	0.001	GO:0008203	cholesterol metabolic process
14	69	0.841749281031581	1.93547688199228e-07	<0.001	GO:0016125	sterol metabolic process
12	63	0.807466028956448	2.9659603503477e-06	0.008	GO:0046165	alcohol biosynthetic process
13	76	0.750605436335975	4.06381633053205e-06	0.009	GO:1901617	organic hydroxy compound biosynthetic process
